-- phpMyAdmin SQL Dump
-- version 4.1.14.8
-- http://www.phpmyadmin.net
--
-- Client :  db563645683.db.1and1.com
-- Généré le :  Jeu 25 Février 2016 à 16:50
-- Version du serveur :  5.1.73-log
-- Version de PHP :  5.4.45-0+deb7u2

SET SQL_MODE = "NO_AUTO_VALUE_ON_ZERO";
SET time_zone = "+00:00";


/*!40101 SET @OLD_CHARACTER_SET_CLIENT=@@CHARACTER_SET_CLIENT */;
/*!40101 SET @OLD_CHARACTER_SET_RESULTS=@@CHARACTER_SET_RESULTS */;
/*!40101 SET @OLD_COLLATION_CONNECTION=@@COLLATION_CONNECTION */;
/*!40101 SET NAMES utf8 */;

--
-- Base de données :  `db563645683`
--

-- --------------------------------------------------------

--
-- Structure de la table `Inscription`
--

CREATE TABLE IF NOT EXISTS `Inscription` (
  `Musicien_idMusicien` int(11) NOT NULL,
  `Sortie_idSortie` int(11) NOT NULL,
  `Valeur` enum('present','absent') NOT NULL,
  `Instrument_idInstrument` int(11) NOT NULL,
  PRIMARY KEY (`Musicien_idMusicien`,`Sortie_idSortie`,`Instrument_idInstrument`),
  KEY `fk_Musicien_has_Sortie_Sortie1_idx` (`Sortie_idSortie`),
  KEY `fk_Musicien_has_Sortie_Musicien1_idx` (`Musicien_idMusicien`),
  KEY `fk_Inscription_Instrument1_idx` (`Instrument_idInstrument`)
) ENGINE=InnoDB DEFAULT CHARSET=utf8;

--
-- Contenu de la table `Inscription`
--

INSERT INTO `Inscription` (`Musicien_idMusicien`, `Sortie_idSortie`, `Valeur`, `Instrument_idInstrument`) VALUES
(1, 14, 'absent', 1),
(1, 15, 'absent', 1),
(1, 16, 'absent', 1),
(1, 18, 'absent', 1),
(1, 25, 'absent', 1),
(1, 26, 'absent', 1),
(1, 30, 'absent', 1),
(1, 31, 'absent', 1),
(1, 32, 'absent', 1),
(1, 33, 'absent', 1),
(1, 34, 'present', 1),
(1, 35, 'present', 1),
(1, 36, 'present', 1),
(1, 38, 'present', 1),
(1, 39, 'present', 1),
(1, 40, 'present', 1),
(1, 41, 'present', 1),
(1, 42, 'present', 1),
(1, 43, 'present', 1),
(1, 45, 'present', 1),
(1, 47, 'absent', 1),
(1, 48, 'absent', 1),
(1, 49, 'absent', 1),
(1, 50, 'absent', 1),
(1, 51, 'present', 1),
(1, 52, 'present', 1),
(1, 55, 'present', 1),
(1, 57, 'present', 1),
(1, 58, 'present', 1),
(1, 59, 'present', 1),
(1, 60, 'present', 1),
(1, 61, 'present', 1),
(1, 62, 'present', 1),
(1, 63, 'present', 1),
(1, 65, 'absent', 1),
(1, 66, 'present', 1),
(1, 67, 'absent', 1),
(1, 69, 'absent', 1),
(1, 70, 'absent', 1),
(1, 72, 'present', 1),
(1, 73, 'present', 1),
(1, 75, 'present', 1),
(1, 77, 'present', 1),
(1, 78, 'present', 1),
(4, 14, 'present', 2),
(4, 15, 'present', 2),
(4, 16, 'absent', 2),
(4, 18, 'present', 2),
(4, 25, 'present', 2),
(4, 26, 'present', 2),
(4, 30, 'present', 2),
(4, 31, 'absent', 2),
(4, 32, 'present', 2),
(4, 33, 'present', 2),
(4, 34, 'absent', 2),
(4, 35, 'present', 2),
(4, 36, 'present', 2),
(4, 38, 'present', 2),
(4, 39, 'present', 2),
(4, 40, 'present', 2),
(4, 41, 'present', 2),
(4, 42, 'present', 2),
(4, 43, 'present', 2),
(4, 45, 'present', 2),
(4, 47, 'present', 2),
(4, 48, 'absent', 2),
(4, 49, 'present', 2),
(4, 50, 'present', 2),
(4, 51, 'present', 2),
(4, 52, 'present', 2),
(4, 55, 'present', 2),
(4, 57, 'present', 2),
(4, 58, 'present', 2),
(4, 59, 'present', 2),
(4, 60, 'present', 2),
(4, 61, 'present', 2),
(4, 62, 'present', 2),
(4, 63, 'present', 2),
(4, 64, 'present', 2),
(4, 65, 'present', 2),
(4, 66, 'present', 2),
(4, 67, 'absent', 2),
(4, 69, 'absent', 2),
(4, 70, 'present', 2),
(4, 72, 'present', 2),
(4, 73, 'present', 2),
(4, 75, 'present', 2),
(4, 77, 'present', 2),
(4, 78, 'present', 2),
(5, 14, 'absent', 2),
(5, 15, 'absent', 2),
(5, 16, 'present', 2),
(5, 18, 'absent', 2),
(5, 25, 'present', 2),
(5, 26, 'absent', 2),
(5, 30, 'absent', 2),
(5, 31, 'absent', 2),
(5, 32, 'absent', 2),
(5, 33, 'absent', 2),
(5, 34, 'present', 2),
(5, 35, 'present', 2),
(5, 36, 'present', 2),
(5, 38, 'present', 2),
(5, 39, 'present', 2),
(5, 40, 'present', 2),
(5, 41, 'present', 2),
(5, 42, 'present', 2),
(5, 43, 'present', 2),
(5, 45, 'absent', 2),
(5, 47, 'present', 2),
(5, 48, 'present', 2),
(5, 49, 'present', 2),
(5, 50, 'present', 2),
(5, 51, 'present', 2),
(5, 52, 'present', 2),
(5, 55, 'present', 2),
(5, 57, 'present', 2),
(5, 58, 'present', 2),
(5, 59, 'present', 2),
(5, 60, 'present', 2),
(5, 61, 'present', 2),
(5, 62, 'present', 2),
(5, 63, 'present', 2),
(5, 64, 'present', 2),
(5, 65, 'absent', 2),
(5, 66, 'absent', 2),
(5, 67, 'present', 2),
(5, 69, 'absent', 2),
(5, 70, 'absent', 2),
(5, 72, 'present', 2),
(5, 73, 'present', 2),
(5, 75, 'present', 2),
(5, 77, 'present', 2),
(5, 78, 'present', 2),
(6, 26, 'absent', 2),
(6, 33, 'absent', 2),
(6, 34, 'absent', 2),
(6, 35, 'absent', 2),
(6, 36, 'absent', 2),
(6, 41, 'absent', 2),
(6, 42, 'present', 2),
(6, 43, 'present', 2),
(6, 47, 'absent', 2),
(6, 48, 'absent', 2),
(6, 49, 'absent', 2),
(6, 50, 'absent', 2),
(6, 51, 'absent', 2),
(6, 52, 'absent', 2),
(6, 55, 'present', 2),
(6, 57, 'absent', 2),
(6, 58, 'absent', 2),
(6, 59, 'absent', 2),
(6, 60, 'present', 2),
(6, 61, 'absent', 2),
(6, 62, 'absent', 2),
(6, 63, 'absent', 2),
(6, 64, 'absent', 2),
(6, 70, 'absent', 2),
(6, 72, 'absent', 2),
(6, 73, 'absent', 2),
(6, 75, 'present', 2),
(6, 77, 'absent', 2),
(6, 78, 'absent', 2),
(8, 14, 'absent', 4),
(8, 15, 'absent', 4),
(8, 16, 'absent', 4),
(8, 18, 'absent', 4),
(8, 25, 'absent', 4),
(8, 26, 'absent', 4),
(8, 31, 'absent', 4),
(8, 32, 'absent', 4),
(8, 33, 'absent', 4),
(8, 34, 'absent', 4),
(8, 35, 'absent', 4),
(8, 36, 'absent', 4),
(8, 38, 'absent', 4),
(8, 39, 'absent', 4),
(8, 40, 'absent', 4),
(8, 41, 'absent', 4),
(8, 42, 'absent', 4),
(8, 43, 'absent', 4),
(8, 45, 'absent', 4),
(8, 51, 'absent', 4),
(8, 52, 'absent', 4),
(8, 55, 'present', 4),
(8, 57, 'absent', 4),
(8, 58, 'absent', 4),
(8, 59, 'absent', 4),
(8, 60, 'present', 4),
(8, 61, 'present', 4),
(8, 62, 'absent', 4),
(8, 63, 'absent', 4),
(8, 65, 'absent', 4),
(8, 66, 'absent', 4),
(8, 67, 'absent', 4),
(8, 70, 'absent', 4),
(8, 72, 'absent', 4),
(8, 73, 'absent', 4),
(8, 75, 'absent', 4),
(9, 14, 'present', 4),
(9, 25, 'present', 4),
(9, 26, 'absent', 4),
(9, 32, 'present', 4),
(9, 33, 'absent', 4),
(9, 35, 'present', 4),
(9, 36, 'present', 4),
(9, 38, 'present', 4),
(9, 39, 'present', 4),
(9, 41, 'absent', 4),
(9, 42, 'present', 4),
(9, 43, 'present', 4),
(9, 45, 'absent', 4),
(9, 47, 'absent', 4),
(9, 48, 'absent', 4),
(9, 49, 'absent', 4),
(9, 50, 'absent', 4),
(9, 51, 'absent', 4),
(9, 52, 'absent', 4),
(9, 55, 'absent', 4),
(9, 57, 'absent', 4),
(9, 58, 'absent', 4),
(9, 59, 'absent', 4),
(9, 60, 'absent', 4),
(9, 61, 'absent', 4),
(10, 14, 'absent', 4),
(10, 15, 'present', 4),
(10, 16, 'absent', 4),
(10, 18, 'absent', 4),
(10, 25, 'absent', 4),
(10, 26, 'absent', 4),
(10, 30, 'absent', 4),
(10, 31, 'present', 4),
(10, 32, 'absent', 4),
(10, 33, 'present', 4),
(10, 34, 'present', 4),
(10, 35, 'absent', 4),
(10, 39, 'present', 4),
(10, 40, 'absent', 4),
(10, 41, 'absent', 4),
(10, 42, 'absent', 4),
(10, 43, 'absent', 4),
(10, 45, 'absent', 4),
(10, 47, 'present', 4),
(10, 48, 'absent', 4),
(10, 49, 'present', 4),
(10, 50, 'present', 4),
(10, 51, 'present', 4),
(10, 52, 'absent', 4),
(10, 55, 'absent', 4),
(10, 57, 'absent', 4),
(10, 58, 'absent', 4),
(10, 59, 'absent', 4),
(10, 60, 'present', 4),
(10, 61, 'present', 4),
(10, 62, 'absent', 4),
(10, 63, 'absent', 4),
(10, 64, 'absent', 4),
(10, 66, 'absent', 4),
(10, 67, 'absent', 4),
(10, 69, 'absent', 4),
(10, 70, 'absent', 4),
(10, 72, 'absent', 4),
(10, 73, 'absent', 4),
(10, 75, 'present', 4),
(10, 77, 'absent', 4),
(10, 78, 'absent', 4),
(11, 14, 'present', 4),
(11, 16, 'absent', 4),
(11, 18, 'absent', 4),
(11, 26, 'present', 4),
(11, 30, 'present', 4),
(11, 34, 'absent', 4),
(11, 35, 'absent', 4),
(11, 36, 'present', 4),
(11, 38, 'absent', 4),
(11, 39, 'absent', 4),
(11, 40, 'absent', 4),
(11, 41, 'absent', 4),
(11, 42, 'present', 4),
(11, 43, 'present', 4),
(11, 45, 'present', 4),
(11, 47, 'present', 4),
(11, 48, 'absent', 4),
(11, 49, 'absent', 4),
(11, 50, 'present', 4),
(11, 51, 'absent', 4),
(11, 52, 'absent', 4),
(11, 55, 'absent', 4),
(11, 57, 'absent', 4),
(11, 58, 'present', 4),
(11, 59, 'present', 4),
(11, 60, 'present', 4),
(11, 61, 'present', 4),
(11, 62, 'absent', 4),
(11, 63, 'absent', 4),
(11, 65, 'absent', 2),
(11, 66, 'absent', 4),
(11, 67, 'absent', 4),
(11, 70, 'absent', 4),
(11, 72, 'present', 4),
(11, 73, 'present', 4),
(11, 75, 'present', 4),
(11, 77, 'absent', 4),
(11, 78, 'absent', 4),
(12, 14, 'present', 4),
(12, 16, 'absent', 4),
(12, 18, 'absent', 4),
(12, 25, 'present', 4),
(12, 26, 'present', 4),
(12, 30, 'absent', 4),
(12, 32, 'present', 4),
(12, 33, 'absent', 4),
(12, 34, 'absent', 4),
(12, 35, 'present', 4),
(12, 36, 'absent', 4),
(12, 38, 'absent', 4),
(12, 39, 'absent', 4),
(12, 40, 'absent', 4),
(12, 41, 'absent', 4),
(12, 42, 'present', 4),
(12, 43, 'present', 4),
(12, 45, 'absent', 4),
(12, 47, 'absent', 4),
(12, 48, 'absent', 4),
(12, 49, 'absent', 4),
(12, 51, 'absent', 4),
(12, 52, 'absent', 4),
(12, 55, 'absent', 4),
(12, 57, 'absent', 4),
(12, 58, 'absent', 4),
(12, 59, 'absent', 4),
(12, 60, 'present', 4),
(12, 61, 'present', 4),
(12, 62, 'absent', 4),
(12, 63, 'absent', 4),
(12, 64, 'present', 4),
(12, 65, 'present', 4),
(12, 66, 'present', 4),
(12, 67, 'absent', 4),
(12, 69, 'present', 4),
(12, 70, 'absent', 4),
(12, 72, 'absent', 4),
(12, 73, 'absent', 4),
(12, 77, 'absent', 4),
(12, 78, 'absent', 4),
(13, 14, 'present', 4),
(13, 15, 'absent', 4),
(13, 16, 'absent', 4),
(13, 18, 'absent', 4),
(13, 25, 'present', 4),
(13, 26, 'present', 4),
(13, 30, 'absent', 4),
(13, 31, 'absent', 4),
(13, 32, 'present', 4),
(13, 33, 'absent', 4),
(13, 35, 'absent', 4),
(13, 38, 'present', 4),
(13, 39, 'present', 4),
(13, 40, 'absent', 4),
(13, 41, 'absent', 4),
(13, 42, 'present', 4),
(13, 43, 'present', 4),
(13, 45, 'absent', 4),
(13, 48, 'absent', 4),
(13, 49, 'absent', 4),
(13, 50, 'absent', 4),
(13, 51, 'absent', 4),
(13, 52, 'absent', 4),
(13, 55, 'present', 4),
(13, 57, 'present', 4),
(13, 59, 'absent', 4),
(13, 60, 'present', 4),
(13, 61, 'present', 4),
(13, 63, 'absent', 4),
(13, 64, 'absent', 4),
(13, 65, 'present', 4),
(13, 66, 'absent', 4),
(13, 67, 'absent', 4),
(13, 69, 'absent', 4),
(13, 70, 'absent', 4),
(13, 72, 'absent', 4),
(13, 73, 'absent', 4),
(13, 75, 'absent', 4),
(14, 14, 'present', 4),
(14, 15, 'present', 4),
(14, 16, 'present', 4),
(14, 18, 'present', 4),
(14, 25, 'absent', 4),
(14, 26, 'absent', 4),
(14, 30, 'present', 4),
(14, 31, 'absent', 4),
(14, 32, 'present', 4),
(14, 33, 'absent', 4),
(14, 34, 'absent', 4),
(14, 35, 'absent', 4),
(14, 36, 'present', 4),
(14, 38, 'absent', 4),
(14, 39, 'absent', 4),
(14, 40, 'absent', 4),
(14, 41, 'absent', 4),
(14, 42, 'absent', 4),
(14, 43, 'absent', 4),
(14, 45, 'absent', 4),
(14, 47, 'absent', 4),
(14, 48, 'absent', 4),
(14, 49, 'absent', 4),
(14, 50, 'absent', 4),
(14, 51, 'absent', 4),
(14, 52, 'absent', 4),
(14, 55, 'absent', 4),
(14, 57, 'absent', 4),
(14, 58, 'absent', 4),
(14, 59, 'absent', 4),
(14, 60, 'absent', 4),
(14, 61, 'absent', 4),
(14, 63, 'absent', 4),
(14, 65, 'present', 4),
(14, 66, 'present', 4),
(14, 67, 'present', 4),
(14, 69, 'present', 4),
(14, 70, 'absent', 4),
(14, 73, 'present', 4),
(14, 75, 'absent', 4),
(14, 77, 'absent', 4),
(16, 14, 'absent', 4),
(16, 15, 'present', 4),
(16, 16, 'present', 4),
(16, 18, 'absent', 4),
(16, 25, 'present', 4),
(16, 26, 'present', 4),
(16, 30, 'absent', 4),
(16, 31, 'absent', 4),
(16, 32, 'present', 4),
(16, 33, 'absent', 4),
(16, 34, 'absent', 4),
(16, 35, 'absent', 4),
(16, 36, 'absent', 4),
(16, 38, 'absent', 4),
(16, 39, 'absent', 4),
(16, 40, 'absent', 4),
(16, 41, 'present', 4),
(16, 42, 'present', 4),
(16, 43, 'present', 4),
(16, 45, 'absent', 4),
(16, 47, 'present', 4),
(16, 48, 'present', 4),
(16, 49, 'present', 4),
(16, 50, 'present', 4),
(16, 51, 'absent', 4),
(16, 52, 'present', 4),
(16, 55, 'present', 4),
(16, 57, 'present', 4),
(16, 58, 'present', 4),
(16, 59, 'present', 4),
(16, 60, 'present', 4),
(16, 61, 'present', 4),
(16, 62, 'present', 4),
(16, 63, 'absent', 4),
(16, 64, 'present', 4),
(16, 65, 'absent', 4),
(16, 66, 'absent', 4),
(16, 67, 'absent', 4),
(16, 69, 'absent', 4),
(16, 70, 'absent', 4),
(16, 73, 'present', 4),
(16, 75, 'absent', 4),
(16, 77, 'present', 4),
(16, 78, 'present', 4),
(18, 14, 'present', 2),
(18, 15, 'absent', 2),
(18, 16, 'present', 2),
(18, 18, 'absent', 2),
(18, 25, 'absent', 2),
(18, 26, 'absent', 2),
(18, 30, 'absent', 2),
(18, 31, 'present', 2),
(18, 32, 'present', 2),
(18, 33, 'absent', 2),
(18, 34, 'present', 2),
(18, 35, 'present', 2),
(18, 36, 'present', 2),
(18, 38, 'present', 2),
(18, 39, 'present', 2),
(18, 40, 'present', 2),
(18, 41, 'present', 2),
(18, 42, 'present', 2),
(18, 43, 'present', 2),
(18, 45, 'present', 2),
(18, 47, 'present', 2),
(18, 48, 'present', 2),
(18, 49, 'present', 2),
(18, 50, 'present', 2),
(18, 51, 'present', 2),
(18, 52, 'present', 2),
(18, 55, 'present', 2),
(18, 57, 'present', 2),
(18, 58, 'present', 2),
(18, 59, 'present', 2),
(18, 60, 'present', 2),
(18, 61, 'present', 2),
(18, 63, 'present', 2),
(18, 65, 'present', 2),
(18, 66, 'absent', 2),
(18, 67, 'present', 2),
(18, 69, 'absent', 2),
(18, 70, 'present', 2),
(18, 72, 'absent', 2),
(18, 73, 'absent', 2),
(18, 75, 'absent', 2),
(18, 77, 'absent', 2),
(18, 78, 'absent', 2),
(19, 14, 'present', 2),
(19, 15, 'present', 2),
(19, 16, 'absent', 2),
(19, 18, 'present', 2),
(19, 25, 'present', 2),
(19, 26, 'absent', 2),
(19, 30, 'present', 2),
(19, 31, 'absent', 2),
(19, 32, 'absent', 2),
(19, 33, 'absent', 2),
(19, 34, 'absent', 2),
(19, 35, 'absent', 2),
(19, 36, 'present', 2),
(19, 38, 'absent', 2),
(19, 39, 'absent', 2),
(19, 40, 'absent', 2),
(19, 41, 'present', 2),
(19, 42, 'present', 2),
(19, 43, 'present', 2),
(19, 45, 'present', 2),
(19, 47, 'present', 2),
(19, 48, 'present', 2),
(19, 49, 'present', 2),
(19, 50, 'present', 2),
(19, 51, 'present', 2),
(19, 55, 'present', 2),
(19, 57, 'present', 2),
(19, 58, 'present', 2),
(19, 59, 'present', 2),
(19, 60, 'present', 2),
(19, 61, 'present', 2),
(19, 62, 'present', 2),
(19, 63, 'absent', 2),
(19, 64, 'present', 2),
(19, 65, 'present', 2),
(19, 66, 'present', 2),
(19, 67, 'absent', 2),
(19, 70, 'absent', 2),
(19, 72, 'present', 2),
(19, 73, 'absent', 2),
(19, 75, 'present', 2),
(19, 77, 'absent', 2),
(19, 78, 'absent', 2),
(20, 14, 'present', 2),
(20, 15, 'absent', 2),
(20, 16, 'present', 2),
(20, 18, 'absent', 2),
(20, 25, 'absent', 2),
(20, 26, 'absent', 2),
(20, 30, 'absent', 2),
(20, 33, 'absent', 2),
(20, 34, 'present', 2),
(20, 35, 'absent', 2),
(20, 36, 'absent', 2),
(20, 38, 'absent', 2),
(20, 39, 'absent', 2),
(20, 40, 'absent', 2),
(20, 41, 'absent', 2),
(20, 42, 'absent', 2),
(20, 43, 'absent', 2),
(20, 45, 'absent', 2),
(20, 47, 'absent', 2),
(20, 48, 'absent', 2),
(20, 49, 'absent', 2),
(20, 50, 'absent', 2),
(20, 51, 'absent', 2),
(20, 52, 'absent', 2),
(20, 55, 'absent', 2),
(20, 57, 'absent', 2),
(20, 58, 'absent', 2),
(20, 59, 'absent', 2),
(20, 60, 'absent', 2),
(20, 61, 'absent', 2),
(20, 63, 'present', 2),
(20, 65, 'absent', 2),
(20, 66, 'absent', 2),
(20, 67, 'absent', 2),
(20, 69, 'absent', 2),
(20, 70, 'absent', 2),
(20, 73, 'absent', 2),
(20, 75, 'absent', 2),
(20, 77, 'absent', 2),
(20, 78, 'absent', 2),
(21, 14, 'absent', 2),
(21, 15, 'absent', 2),
(21, 16, 'present', 2),
(21, 18, 'absent', 2),
(21, 25, 'absent', 2),
(21, 26, 'absent', 2),
(21, 30, 'absent', 2),
(21, 31, 'absent', 2),
(21, 32, 'absent', 2),
(21, 33, 'present', 2),
(21, 34, 'absent', 2),
(21, 35, 'absent', 2),
(21, 36, 'present', 2),
(21, 38, 'absent', 2),
(21, 39, 'absent', 2),
(21, 40, 'absent', 2),
(21, 41, 'absent', 2),
(21, 42, 'absent', 2),
(21, 43, 'absent', 2),
(21, 45, 'absent', 2),
(21, 47, 'absent', 2),
(21, 48, 'absent', 2),
(21, 49, 'absent', 2),
(21, 50, 'absent', 2),
(21, 51, 'absent', 2),
(21, 52, 'absent', 2),
(21, 55, 'absent', 2),
(21, 57, 'absent', 2),
(21, 58, 'absent', 2),
(21, 59, 'absent', 2),
(21, 60, 'absent', 2),
(21, 61, 'absent', 2),
(21, 62, 'absent', 2),
(21, 63, 'absent', 2),
(21, 65, 'absent', 2),
(21, 67, 'absent', 2),
(21, 70, 'absent', 2),
(21, 73, 'absent', 2),
(21, 75, 'absent', 2),
(21, 77, 'absent', 2),
(21, 78, 'absent', 2),
(22, 14, 'present', 2),
(22, 15, 'absent', 2),
(22, 16, 'absent', 2),
(22, 18, 'absent', 2),
(22, 25, 'absent', 2),
(22, 26, 'absent', 2),
(22, 30, 'present', 2),
(22, 31, 'absent', 2),
(22, 32, 'absent', 2),
(22, 33, 'absent', 2),
(22, 34, 'absent', 2),
(22, 35, 'absent', 2),
(22, 36, 'present', 2),
(22, 38, 'present', 2),
(22, 39, 'present', 2),
(22, 40, 'present', 2),
(22, 41, 'absent', 2),
(22, 42, 'present', 2),
(22, 43, 'present', 2),
(22, 45, 'absent', 2),
(22, 47, 'absent', 2),
(22, 48, 'absent', 2),
(22, 49, 'present', 2),
(22, 50, 'present', 2),
(22, 51, 'present', 2),
(22, 52, 'present', 2),
(22, 55, 'present', 2),
(22, 57, 'present', 2),
(22, 58, 'present', 2),
(22, 59, 'present', 2),
(22, 60, 'absent', 2),
(22, 61, 'absent', 2),
(22, 63, 'absent', 2),
(22, 64, 'present', 2),
(22, 66, 'absent', 2),
(22, 67, 'absent', 2),
(22, 70, 'absent', 2),
(22, 72, 'absent', 2),
(22, 73, 'present', 2),
(22, 75, 'absent', 2),
(22, 77, 'present', 2),
(22, 78, 'present', 2),
(23, 14, 'absent', 2),
(23, 15, 'absent', 2),
(23, 16, 'absent', 2),
(23, 18, 'absent', 2),
(23, 25, 'absent', 2),
(23, 26, 'absent', 2),
(23, 32, 'absent', 2),
(23, 33, 'absent', 2),
(23, 34, 'present', 2),
(23, 35, 'absent', 2),
(23, 36, 'present', 2),
(23, 38, 'absent', 2),
(23, 39, 'absent', 2),
(23, 40, 'absent', 2),
(23, 41, 'absent', 2),
(23, 42, 'absent', 2),
(23, 43, 'absent', 2),
(23, 45, 'absent', 2),
(23, 47, 'absent', 2),
(23, 48, 'present', 2),
(23, 49, 'present', 2),
(23, 51, 'absent', 2),
(23, 52, 'absent', 2),
(23, 55, 'absent', 2),
(23, 57, 'absent', 2),
(23, 58, 'present', 2),
(23, 59, 'absent', 2),
(23, 60, 'absent', 2),
(23, 61, 'absent', 2),
(23, 63, 'absent', 2),
(23, 65, 'absent', 2),
(23, 66, 'absent', 2),
(23, 67, 'absent', 2),
(23, 69, 'absent', 2),
(23, 70, 'absent', 2),
(23, 72, 'absent', 2),
(23, 73, 'absent', 2),
(23, 75, 'absent', 2),
(23, 77, 'absent', 2),
(23, 78, 'absent', 2),
(24, 14, 'absent', 2),
(24, 15, 'absent', 2),
(24, 16, 'absent', 2),
(24, 18, 'absent', 2),
(24, 25, 'absent', 2),
(24, 26, 'absent', 2),
(24, 30, 'absent', 2),
(24, 33, 'absent', 2),
(24, 34, 'present', 2),
(24, 35, 'present', 2),
(24, 36, 'absent', 2),
(24, 38, 'absent', 2),
(24, 39, 'absent', 2),
(24, 40, 'absent', 2),
(24, 41, 'absent', 2),
(24, 42, 'present', 2),
(24, 43, 'present', 2),
(24, 45, 'absent', 2),
(24, 47, 'absent', 2),
(24, 49, 'absent', 2),
(24, 50, 'absent', 2),
(24, 51, 'absent', 2),
(24, 52, 'absent', 2),
(24, 55, 'absent', 2),
(24, 57, 'absent', 2),
(24, 58, 'absent', 2),
(24, 59, 'absent', 2),
(24, 60, 'absent', 2),
(24, 61, 'absent', 2),
(24, 63, 'absent', 2),
(24, 65, 'absent', 2),
(24, 66, 'absent', 2),
(24, 67, 'absent', 2),
(24, 70, 'absent', 2),
(24, 73, 'absent', 2),
(24, 75, 'absent', 2),
(24, 77, 'absent', 2),
(24, 78, 'absent', 2),
(25, 14, 'present', 2),
(25, 15, 'present', 2),
(25, 16, 'absent', 2),
(25, 18, 'present', 2),
(25, 25, 'absent', 2),
(25, 26, 'present', 2),
(25, 30, 'present', 2),
(25, 31, 'absent', 2),
(25, 32, 'absent', 2),
(25, 33, 'absent', 2),
(25, 34, 'absent', 2),
(25, 35, 'absent', 2),
(25, 36, 'absent', 2),
(25, 38, 'absent', 2),
(25, 39, 'absent', 2),
(25, 40, 'absent', 2),
(25, 41, 'absent', 2),
(25, 42, 'absent', 2),
(25, 43, 'present', 2),
(25, 45, 'absent', 2),
(25, 47, 'present', 2),
(25, 48, 'present', 2),
(25, 49, 'present', 2),
(25, 50, 'absent', 2),
(25, 51, 'absent', 2),
(25, 52, 'absent', 2),
(25, 55, 'absent', 2),
(25, 57, 'present', 2),
(25, 58, 'absent', 2),
(25, 59, 'present', 2),
(25, 60, 'present', 2),
(25, 61, 'absent', 2),
(25, 62, 'absent', 2),
(25, 63, 'present', 2),
(25, 65, 'absent', 2),
(25, 66, 'present', 2),
(25, 67, 'absent', 2),
(25, 70, 'present', 2),
(25, 72, 'present', 2),
(25, 73, 'absent', 2),
(25, 75, 'absent', 2),
(25, 77, 'absent', 2),
(25, 78, 'absent', 2),
(26, 14, 'present', 2),
(26, 15, 'present', 2),
(26, 16, 'absent', 2),
(26, 18, 'absent', 2),
(26, 25, 'absent', 2),
(26, 26, 'absent', 2),
(26, 30, 'absent', 2),
(26, 31, 'absent', 2),
(26, 32, 'absent', 2),
(26, 33, 'present', 2),
(26, 34, 'absent', 2),
(26, 35, 'absent', 2),
(26, 36, 'absent', 2),
(26, 38, 'present', 2),
(26, 39, 'present', 2),
(26, 40, 'present', 2),
(26, 41, 'absent', 2),
(26, 42, 'present', 2),
(26, 43, 'present', 2),
(26, 45, 'present', 2),
(26, 47, 'present', 2),
(26, 48, 'absent', 2),
(26, 49, 'present', 2),
(26, 50, 'present', 2),
(26, 51, 'present', 2),
(26, 52, 'present', 2),
(26, 55, 'present', 2),
(26, 57, 'absent', 2),
(26, 58, 'present', 2),
(26, 59, 'present', 2),
(26, 60, 'present', 2),
(26, 61, 'present', 2),
(26, 62, 'present', 2),
(26, 63, 'absent', 2),
(26, 64, 'absent', 2),
(26, 65, 'present', 2),
(26, 66, 'absent', 2),
(26, 67, 'absent', 2),
(26, 69, 'present', 2),
(26, 70, 'absent', 2),
(26, 72, 'absent', 2),
(26, 73, 'present', 2),
(26, 75, 'absent', 2),
(26, 77, 'present', 2),
(26, 78, 'present', 2),
(27, 14, 'absent', 2),
(27, 15, 'present', 2),
(27, 16, 'absent', 2),
(27, 18, 'absent', 2),
(27, 25, 'absent', 2),
(27, 26, 'absent', 2),
(27, 30, 'present', 2),
(27, 33, 'absent', 2),
(27, 34, 'present', 2),
(27, 35, 'absent', 2),
(27, 36, 'absent', 2),
(27, 38, 'present', 2),
(27, 39, 'present', 2),
(27, 40, 'absent', 2),
(27, 41, 'absent', 2),
(27, 42, 'absent', 2),
(27, 43, 'absent', 2),
(27, 45, 'absent', 2),
(27, 47, 'absent', 2),
(27, 48, 'absent', 2),
(27, 49, 'absent', 2),
(27, 50, 'absent', 2),
(27, 51, 'absent', 2),
(27, 52, 'absent', 2),
(27, 55, 'absent', 2),
(27, 57, 'absent', 2),
(27, 58, 'absent', 2),
(27, 59, 'absent', 2),
(27, 60, 'absent', 2),
(27, 61, 'absent', 2),
(27, 63, 'present', 2),
(27, 65, 'absent', 2),
(27, 66, 'absent', 2),
(27, 67, 'present', 2),
(27, 69, 'absent', 2),
(27, 70, 'present', 2),
(27, 72, 'absent', 2),
(27, 73, 'present', 2),
(27, 75, 'present', 2),
(27, 77, 'absent', 2),
(27, 78, 'absent', 2),
(28, 14, 'absent', 5),
(28, 15, 'present', 5),
(28, 25, 'present', 5),
(28, 26, 'absent', 5),
(28, 30, 'present', 5),
(28, 31, 'present', 5),
(28, 32, 'present', 5),
(28, 33, 'present', 5),
(28, 34, 'absent', 5),
(28, 35, 'absent', 5),
(28, 36, 'present', 5),
(28, 38, 'present', 5),
(28, 39, 'present', 5),
(28, 40, 'present', 5),
(28, 41, 'absent', 5),
(28, 42, 'absent', 5),
(28, 43, 'absent', 5),
(28, 45, 'present', 5),
(28, 47, 'present', 5),
(28, 48, 'absent', 5),
(28, 49, 'present', 5),
(28, 50, 'present', 5),
(28, 51, 'present', 5),
(28, 52, 'absent', 5),
(28, 55, 'present', 5),
(28, 58, 'present', 5),
(28, 60, 'present', 5),
(28, 63, 'present', 5),
(28, 64, 'present', 5),
(28, 65, 'present', 5),
(28, 66, 'present', 5),
(28, 67, 'absent', 5),
(28, 69, 'absent', 5),
(28, 70, 'present', 5),
(28, 72, 'absent', 5),
(28, 73, 'absent', 5),
(28, 75, 'absent', 5),
(28, 77, 'absent', 5),
(28, 78, 'absent', 5),
(29, 14, 'absent', 5),
(29, 15, 'absent', 5),
(29, 16, 'absent', 5),
(29, 18, 'absent', 5),
(29, 25, 'absent', 5),
(29, 26, 'absent', 5),
(29, 30, 'absent', 5),
(29, 32, 'absent', 5),
(29, 33, 'absent', 5),
(29, 34, 'absent', 5),
(29, 35, 'present', 5),
(29, 36, 'present', 5),
(29, 38, 'present', 5),
(29, 39, 'present', 5),
(29, 40, 'present', 5),
(29, 41, 'present', 5),
(29, 42, 'present', 5),
(29, 43, 'present', 5),
(29, 45, 'absent', 5),
(29, 47, 'absent', 5),
(29, 48, 'absent', 5),
(29, 49, 'absent', 5),
(29, 50, 'absent', 5),
(29, 51, 'absent', 5),
(29, 52, 'absent', 5),
(29, 55, 'present', 5),
(29, 57, 'present', 5),
(29, 58, 'absent', 5),
(29, 59, 'absent', 5),
(29, 60, 'absent', 5),
(29, 61, 'absent', 5),
(29, 62, 'absent', 5),
(29, 63, 'absent', 5),
(29, 64, 'absent', 5),
(29, 65, 'absent', 5),
(29, 66, 'absent', 5),
(29, 67, 'absent', 5),
(29, 69, 'absent', 5),
(29, 70, 'absent', 5),
(29, 72, 'present', 5),
(29, 73, 'present', 5),
(29, 75, 'present', 5),
(30, 14, 'absent', 5),
(30, 15, 'absent', 5),
(30, 16, 'present', 5),
(30, 18, 'present', 5),
(30, 25, 'absent', 5),
(30, 26, 'absent', 5),
(30, 30, 'absent', 5),
(30, 31, 'absent', 5),
(30, 32, 'absent', 5),
(30, 33, 'absent', 5),
(30, 34, 'absent', 5),
(30, 35, 'absent', 5),
(30, 36, 'present', 5),
(30, 38, 'absent', 5),
(30, 39, 'absent', 5),
(30, 40, 'absent', 5),
(30, 41, 'absent', 5),
(30, 42, 'absent', 5),
(30, 43, 'absent', 5),
(30, 45, 'present', 5),
(30, 47, 'present', 5),
(30, 48, 'absent', 5),
(30, 49, 'absent', 5),
(30, 50, 'absent', 5),
(30, 51, 'absent', 5),
(30, 52, 'absent', 5),
(30, 55, 'absent', 5),
(30, 57, 'absent', 5),
(30, 58, 'absent', 5),
(30, 59, 'absent', 5),
(30, 60, 'absent', 5),
(30, 61, 'absent', 5),
(30, 62, 'absent', 5),
(30, 63, 'absent', 5),
(30, 64, 'absent', 5),
(30, 65, 'absent', 5),
(30, 67, 'present', 5),
(30, 69, 'present', 5),
(30, 70, 'present', 5),
(30, 72, 'absent', 5),
(30, 73, 'present', 5),
(30, 75, 'absent', 5),
(30, 77, 'present', 5),
(30, 78, 'present', 5),
(31, 14, 'absent', 5),
(31, 15, 'absent', 5),
(31, 16, 'absent', 5),
(31, 18, 'absent', 5),
(31, 26, 'absent', 5),
(31, 30, 'absent', 5),
(31, 33, 'absent', 5),
(31, 34, 'absent', 5),
(31, 35, 'absent', 5),
(31, 36, 'absent', 5),
(31, 41, 'absent', 5),
(31, 42, 'absent', 5),
(31, 43, 'absent', 5),
(31, 45, 'absent', 5),
(31, 67, 'absent', 5),
(31, 70, 'absent', 5),
(31, 73, 'absent', 5),
(31, 75, 'present', 5),
(31, 77, 'absent', 5),
(31, 78, 'absent', 5),
(32, 14, 'present', 5),
(32, 15, 'absent', 5),
(32, 16, 'present', 5),
(32, 18, 'absent', 5),
(32, 25, 'absent', 5),
(32, 26, 'present', 5),
(32, 30, 'absent', 5),
(32, 33, 'absent', 5),
(32, 34, 'absent', 5),
(32, 35, 'absent', 5),
(32, 36, 'absent', 5),
(32, 38, 'present', 5),
(32, 39, 'present', 5),
(32, 40, 'present', 5),
(32, 41, 'absent', 5),
(32, 42, 'present', 5),
(32, 43, 'present', 5),
(32, 45, 'absent', 5),
(32, 47, 'absent', 5),
(32, 48, 'absent', 5),
(32, 49, 'absent', 5),
(32, 50, 'absent', 5),
(32, 51, 'absent', 5),
(32, 52, 'absent', 5),
(32, 55, 'absent', 5),
(32, 57, 'absent', 5),
(32, 58, 'absent', 5),
(32, 59, 'absent', 5),
(32, 60, 'present', 5),
(32, 61, 'present', 5),
(32, 62, 'absent', 5),
(32, 63, 'absent', 5),
(32, 64, 'absent', 5),
(32, 65, 'absent', 5),
(32, 66, 'absent', 5),
(32, 67, 'absent', 5),
(32, 70, 'absent', 5),
(32, 72, 'present', 5),
(32, 73, 'absent', 5),
(32, 75, 'absent', 5),
(32, 77, 'present', 5),
(32, 78, 'absent', 5),
(33, 14, 'absent', 5),
(33, 16, 'absent', 5),
(33, 25, 'absent', 5),
(33, 26, 'absent', 5),
(33, 30, 'absent', 5),
(33, 33, 'absent', 5),
(33, 34, 'present', 5),
(33, 35, 'absent', 5),
(33, 36, 'present', 5),
(33, 38, 'absent', 5),
(33, 39, 'absent', 5),
(33, 40, 'present', 5),
(33, 41, 'absent', 5),
(33, 42, 'absent', 5),
(33, 43, 'absent', 5),
(33, 45, 'absent', 5),
(33, 47, 'present', 5),
(33, 48, 'absent', 5),
(33, 49, 'present', 5),
(33, 50, 'absent', 5),
(33, 51, 'absent', 5),
(33, 52, 'present', 5),
(33, 55, 'absent', 5),
(33, 57, 'present', 5),
(33, 58, 'present', 5),
(33, 59, 'absent', 5),
(33, 60, 'absent', 5),
(33, 61, 'absent', 5),
(33, 62, 'absent', 5),
(33, 63, 'absent', 5),
(33, 64, 'absent', 5),
(33, 65, 'absent', 5),
(33, 66, 'absent', 5),
(33, 67, 'absent', 5),
(33, 69, 'absent', 5),
(33, 70, 'absent', 5),
(33, 72, 'absent', 5),
(33, 73, 'absent', 5),
(33, 75, 'absent', 5),
(33, 77, 'absent', 5),
(33, 78, 'absent', 5),
(34, 14, 'present', 5),
(34, 15, 'absent', 5),
(34, 18, 'absent', 5),
(34, 25, 'absent', 5),
(34, 26, 'absent', 5),
(34, 30, 'absent', 5),
(34, 31, 'absent', 5),
(34, 33, 'absent', 5),
(34, 34, 'present', 5),
(34, 36, 'present', 5),
(34, 38, 'absent', 5),
(34, 39, 'present', 5),
(34, 41, 'absent', 5),
(34, 42, 'present', 5),
(34, 43, 'absent', 5),
(34, 45, 'present', 5),
(34, 47, 'absent', 5),
(34, 48, 'absent', 5),
(34, 49, 'absent', 5),
(34, 50, 'present', 5),
(34, 51, 'absent', 5),
(34, 52, 'absent', 5),
(34, 55, 'absent', 5),
(34, 57, 'absent', 5),
(34, 58, 'absent', 5),
(34, 59, 'absent', 5),
(34, 60, 'present', 5),
(34, 62, 'absent', 5),
(34, 63, 'absent', 5),
(34, 64, 'absent', 5),
(34, 65, 'absent', 5),
(34, 67, 'present', 5),
(34, 70, 'present', 5),
(34, 73, 'absent', 5),
(34, 75, 'absent', 5),
(34, 77, 'present', 5),
(34, 78, 'absent', 5),
(35, 25, 'absent', 6),
(35, 26, 'absent', 6),
(35, 30, 'present', 6),
(35, 31, 'present', 6),
(35, 32, 'absent', 6),
(35, 33, 'absent', 6),
(35, 34, 'absent', 6),
(35, 35, 'present', 6),
(35, 36, 'absent', 6),
(35, 38, 'absent', 6),
(35, 39, 'absent', 6),
(35, 40, 'absent', 6),
(35, 41, 'absent', 6),
(35, 42, 'present', 6),
(35, 43, 'present', 6),
(35, 47, 'present', 6),
(35, 48, 'present', 6),
(35, 49, 'present', 6),
(35, 51, 'absent', 6),
(35, 52, 'present', 6),
(35, 55, 'absent', 6),
(35, 57, 'absent', 6),
(35, 58, 'absent', 6),
(35, 59, 'absent', 6),
(35, 60, 'present', 6),
(35, 61, 'present', 6),
(35, 62, 'absent', 6),
(35, 63, 'absent', 6),
(35, 64, 'absent', 6),
(35, 65, 'absent', 6),
(35, 69, 'absent', 6),
(35, 70, 'absent', 6),
(35, 73, 'absent', 6),
(35, 75, 'absent', 6),
(35, 77, 'absent', 6),
(35, 78, 'absent', 6),
(36, 14, 'absent', 6),
(36, 15, 'absent', 6),
(36, 16, 'absent', 6),
(36, 18, 'absent', 6),
(36, 25, 'present', 6),
(36, 26, 'absent', 6),
(36, 30, 'absent', 6),
(36, 31, 'present', 6),
(36, 32, 'absent', 6),
(36, 33, 'absent', 6),
(36, 34, 'absent', 6),
(36, 35, 'present', 6),
(36, 36, 'present', 6),
(36, 38, 'absent', 6),
(36, 39, 'absent', 6),
(36, 40, 'absent', 6),
(36, 41, 'absent', 6),
(36, 42, 'absent', 6),
(36, 43, 'absent', 6),
(36, 45, 'absent', 6),
(36, 47, 'absent', 6),
(36, 48, 'absent', 6),
(36, 49, 'absent', 6),
(36, 50, 'absent', 6),
(36, 55, 'present', 6),
(36, 57, 'present', 6),
(36, 58, 'absent', 6),
(36, 59, 'absent', 6),
(36, 60, 'absent', 6),
(36, 61, 'absent', 6),
(36, 62, 'absent', 6),
(36, 63, 'absent', 6),
(36, 65, 'absent', 6),
(36, 66, 'absent', 6),
(36, 70, 'absent', 6),
(36, 72, 'absent', 6),
(36, 73, 'absent', 6),
(36, 75, 'absent', 6),
(36, 77, 'absent', 6),
(36, 78, 'absent', 6),
(37, 14, 'present', 2),
(37, 15, 'absent', 2),
(37, 16, 'absent', 2),
(37, 18, 'absent', 2),
(37, 25, 'absent', 2),
(37, 26, 'absent', 2),
(37, 30, 'present', 2),
(37, 31, 'absent', 2),
(37, 32, 'absent', 2),
(37, 33, 'absent', 2),
(37, 34, 'absent', 2),
(37, 35, 'absent', 2),
(37, 36, 'present', 2),
(37, 38, 'present', 2),
(37, 39, 'present', 2),
(37, 40, 'present', 2),
(37, 41, 'present', 2),
(37, 42, 'present', 2),
(37, 43, 'present', 2),
(37, 45, 'present', 2),
(37, 47, 'absent', 2),
(37, 48, 'present', 2),
(37, 49, 'present', 2),
(37, 50, 'present', 2),
(37, 51, 'present', 2),
(37, 52, 'present', 2),
(37, 55, 'present', 2),
(37, 57, 'present', 2),
(37, 58, 'present', 2),
(37, 59, 'present', 2),
(37, 60, 'absent', 2),
(37, 61, 'absent', 2),
(37, 63, 'absent', 2),
(37, 64, 'present', 2),
(37, 66, 'absent', 2),
(37, 67, 'absent', 2),
(37, 70, 'absent', 2),
(37, 72, 'absent', 2),
(37, 73, 'present', 2),
(37, 75, 'absent', 2),
(37, 77, 'present', 2),
(37, 78, 'present', 2),
(38, 14, 'absent', 1),
(38, 15, 'present', 1),
(38, 16, 'absent', 1),
(38, 18, 'present', 1),
(38, 25, 'absent', 1),
(38, 26, 'present', 1),
(38, 30, 'present', 1),
(38, 31, 'present', 1),
(38, 32, 'present', 1),
(38, 33, 'absent', 1),
(38, 34, 'absent', 1),
(38, 35, 'present', 1),
(38, 36, 'absent', 1),
(38, 38, 'absent', 1),
(38, 39, 'absent', 1),
(38, 40, 'absent', 1),
(38, 41, 'absent', 1),
(38, 42, 'absent', 1),
(38, 43, 'absent', 1),
(38, 45, 'absent', 1),
(38, 50, 'present', 1),
(38, 51, 'present', 1),
(38, 52, 'present', 1),
(38, 55, 'absent', 1),
(38, 57, 'absent', 1),
(38, 58, 'absent', 1),
(38, 59, 'absent', 1),
(38, 60, 'absent', 1),
(38, 61, 'absent', 1),
(38, 62, 'absent', 1),
(38, 63, 'absent', 1),
(38, 65, 'absent', 1),
(38, 66, 'absent', 1),
(38, 67, 'absent', 1),
(38, 69, 'absent', 1),
(38, 70, 'present', 1),
(38, 72, 'absent', 1),
(38, 73, 'absent', 1),
(38, 75, 'absent', 1),
(39, 15, 'absent', 1),
(39, 18, 'absent', 1),
(39, 26, 'absent', 1),
(39, 31, 'absent', 1),
(39, 33, 'absent', 1),
(39, 35, 'present', 1),
(39, 36, 'present', 1),
(39, 38, 'absent', 1),
(39, 39, 'absent', 1),
(39, 41, 'present', 1),
(39, 42, 'present', 1),
(39, 43, 'present', 1),
(39, 50, 'absent', 1),
(39, 55, 'absent', 1),
(39, 57, 'absent', 1),
(39, 58, 'present', 1),
(39, 60, 'present', 1),
(39, 62, 'absent', 1),
(39, 63, 'absent', 1),
(39, 64, 'absent', 1),
(39, 65, 'absent', 1),
(39, 67, 'absent', 1),
(39, 70, 'absent', 1),
(39, 73, 'absent', 1),
(39, 75, 'present', 1),
(39, 77, 'absent', 1),
(39, 78, 'absent', 1),
(40, 14, 'present', 1),
(40, 15, 'present', 1),
(40, 16, 'absent', 1),
(40, 18, 'present', 1),
(40, 25, 'present', 1),
(40, 26, 'absent', 1),
(40, 30, 'absent', 1),
(40, 31, 'absent', 1),
(40, 32, 'present', 1),
(40, 33, 'absent', 1),
(40, 34, 'present', 1),
(40, 35, 'absent', 1),
(40, 36, 'present', 1),
(40, 38, 'present', 1),
(40, 39, 'present', 1),
(40, 40, 'absent', 1),
(40, 41, 'present', 1),
(40, 42, 'absent', 1),
(40, 43, 'present', 1),
(40, 45, 'present', 1),
(40, 47, 'absent', 1),
(40, 48, 'absent', 1),
(40, 49, 'absent', 1),
(40, 50, 'present', 1),
(40, 51, 'absent', 1),
(40, 52, 'absent', 1),
(40, 55, 'present', 1),
(40, 57, 'present', 1),
(40, 58, 'absent', 1),
(40, 59, 'absent', 1),
(40, 60, 'present', 1),
(40, 61, 'present', 1),
(40, 62, 'absent', 1),
(40, 63, 'absent', 1),
(40, 64, 'absent', 1),
(40, 65, 'present', 1),
(40, 66, 'absent', 1),
(40, 67, 'absent', 1),
(40, 69, 'present', 1),
(40, 70, 'present', 1),
(40, 75, 'present', 1),
(41, 14, 'absent', 1),
(41, 15, 'absent', 1),
(41, 16, 'present', 1),
(41, 18, 'absent', 1),
(41, 25, 'present', 1),
(41, 26, 'absent', 1),
(41, 30, 'absent', 1),
(41, 31, 'present', 1),
(41, 32, 'present', 1),
(41, 33, 'present', 1),
(41, 35, 'present', 1),
(41, 36, 'absent', 1),
(41, 38, 'absent', 1),
(41, 39, 'absent', 1),
(41, 40, 'present', 1),
(41, 41, 'present', 1),
(41, 42, 'present', 1),
(41, 43, 'present', 1),
(41, 45, 'absent', 1),
(41, 47, 'present', 1),
(41, 48, 'absent', 1),
(41, 49, 'present', 1),
(41, 50, 'absent', 1),
(41, 51, 'absent', 1),
(41, 52, 'present', 1),
(41, 55, 'absent', 1),
(41, 57, 'absent', 1),
(41, 58, 'absent', 1),
(41, 59, 'absent', 1),
(41, 60, 'absent', 1),
(41, 61, 'absent', 1),
(41, 62, 'absent', 1),
(41, 63, 'absent', 1),
(41, 64, 'absent', 1),
(41, 65, 'absent', 1),
(41, 66, 'absent', 1),
(41, 67, 'absent', 1),
(41, 70, 'absent', 1),
(41, 72, 'absent', 1),
(41, 73, 'absent', 1),
(41, 75, 'absent', 1),
(41, 77, 'absent', 1),
(41, 78, 'absent', 1),
(42, 14, 'absent', 1),
(42, 15, 'absent', 1),
(42, 16, 'absent', 1),
(42, 18, 'absent', 1),
(42, 25, 'absent', 1),
(42, 26, 'absent', 1),
(42, 30, 'absent', 1),
(42, 31, 'absent', 1),
(42, 32, 'absent', 1),
(42, 33, 'absent', 1),
(42, 34, 'absent', 1),
(42, 35, 'absent', 1),
(42, 36, 'absent', 1),
(42, 38, 'absent', 1),
(42, 39, 'absent', 1),
(42, 40, 'absent', 1),
(42, 41, 'present', 1),
(42, 42, 'present', 1),
(42, 43, 'present', 1),
(42, 45, 'absent', 1),
(42, 47, 'present', 1),
(42, 48, 'present', 1),
(42, 49, 'present', 1),
(42, 50, 'absent', 1),
(42, 51, 'present', 1),
(42, 52, 'absent', 1),
(42, 55, 'absent', 1),
(42, 57, 'absent', 1),
(42, 58, 'present', 1),
(42, 59, 'absent', 1),
(42, 60, 'present', 1),
(42, 61, 'present', 1),
(42, 62, 'absent', 1),
(42, 63, 'absent', 1),
(42, 64, 'absent', 1),
(42, 65, 'absent', 1),
(42, 66, 'absent', 1),
(42, 67, 'absent', 1),
(42, 69, 'absent', 1),
(42, 70, 'absent', 1),
(42, 72, 'absent', 1),
(42, 73, 'absent', 1),
(42, 75, 'absent', 1),
(42, 77, 'absent', 1),
(42, 78, 'absent', 1),
(43, 14, 'absent', 1),
(43, 15, 'absent', 1),
(43, 16, 'absent', 1),
(43, 18, 'absent', 1),
(43, 25, 'absent', 1),
(43, 26, 'present', 1),
(43, 30, 'absent', 1),
(43, 31, 'absent', 1),
(43, 32, 'absent', 1),
(43, 33, 'absent', 1),
(43, 34, 'absent', 1),
(43, 35, 'absent', 1),
(43, 36, 'present', 1),
(43, 38, 'present', 1),
(43, 39, 'present', 1),
(43, 40, 'absent', 1),
(43, 41, 'absent', 1),
(43, 42, 'present', 1),
(43, 43, 'present', 1),
(43, 45, 'present', 1),
(43, 47, 'absent', 1),
(43, 48, 'absent', 1),
(43, 49, 'present', 1),
(43, 50, 'absent', 1),
(43, 51, 'absent', 1),
(43, 52, 'present', 1),
(43, 55, 'absent', 1),
(43, 57, 'absent', 1),
(43, 58, 'absent', 1),
(43, 59, 'absent', 1),
(43, 60, 'absent', 1),
(43, 61, 'absent', 1),
(43, 62, 'absent', 1),
(43, 63, 'absent', 1),
(43, 64, 'absent', 1),
(43, 65, 'absent', 1),
(43, 66, 'absent', 1),
(43, 67, 'absent', 1),
(43, 69, 'absent', 1),
(43, 70, 'absent', 1),
(43, 72, 'absent', 1),
(43, 73, 'absent', 1),
(43, 75, 'absent', 1),
(43, 77, 'absent', 1),
(43, 78, 'absent', 1),
(44, 16, 'present', 1),
(44, 25, 'absent', 1),
(44, 26, 'absent', 1),
(44, 30, 'absent', 1),
(44, 31, 'absent', 1),
(44, 32, 'absent', 1),
(44, 33, 'absent', 1),
(44, 34, 'absent', 1),
(44, 35, 'absent', 1),
(44, 36, 'absent', 1),
(44, 38, 'absent', 1),
(44, 39, 'absent', 1),
(44, 40, 'absent', 1),
(44, 41, 'absent', 1),
(44, 42, 'absent', 1),
(44, 43, 'absent', 1),
(44, 45, 'absent', 1),
(44, 47, 'absent', 1),
(44, 48, 'absent', 1),
(44, 49, 'present', 1),
(44, 50, 'present', 1),
(44, 51, 'absent', 1),
(44, 52, 'absent', 1),
(44, 55, 'absent', 1),
(44, 57, 'absent', 1),
(44, 58, 'absent', 1),
(44, 59, 'absent', 1),
(44, 60, 'absent', 1),
(44, 61, 'absent', 1),
(44, 65, 'absent', 1),
(44, 67, 'absent', 1),
(44, 70, 'absent', 1),
(44, 72, 'absent', 1),
(44, 73, 'absent', 1),
(44, 75, 'absent', 1),
(45, 14, 'present', 1),
(45, 15, 'present', 1),
(45, 16, 'present', 1),
(45, 25, 'present', 1),
(45, 26, 'absent', 1),
(45, 30, 'present', 1),
(45, 31, 'absent', 1),
(45, 32, 'present', 1),
(45, 33, 'absent', 1),
(45, 34, 'absent', 1),
(45, 35, 'absent', 1),
(45, 36, 'present', 1),
(45, 38, 'present', 1),
(45, 39, 'present', 1),
(45, 40, 'present', 1),
(45, 41, 'present', 1),
(45, 42, 'absent', 1),
(45, 43, 'absent', 1),
(45, 45, 'present', 1),
(45, 47, 'absent', 1),
(45, 48, 'absent', 1),
(45, 49, 'absent', 1),
(45, 50, 'absent', 1),
(45, 51, 'present', 1),
(45, 52, 'present', 1),
(45, 55, 'present', 1),
(45, 57, 'present', 1),
(45, 58, 'present', 1),
(45, 59, 'present', 1),
(45, 60, 'present', 1),
(45, 61, 'present', 1),
(45, 62, 'present', 1),
(45, 63, 'absent', 1),
(45, 65, 'absent', 1),
(45, 66, 'present', 1),
(45, 67, 'absent', 1),
(45, 69, 'present', 1),
(45, 70, 'absent', 1),
(45, 72, 'absent', 1),
(45, 73, 'present', 1),
(45, 75, 'present', 1),
(45, 77, 'present', 1),
(45, 78, 'present', 1),
(46, 14, 'absent', 1),
(46, 15, 'absent', 1),
(46, 16, 'absent', 1),
(46, 18, 'absent', 1),
(46, 25, 'present', 1),
(46, 26, 'absent', 1),
(46, 30, 'absent', 1),
(46, 33, 'absent', 1),
(46, 34, 'absent', 1),
(46, 35, 'absent', 1),
(46, 36, 'present', 1),
(46, 38, 'present', 1),
(46, 39, 'present', 1),
(46, 40, 'present', 1),
(46, 41, 'present', 1),
(46, 42, 'absent', 1),
(46, 43, 'present', 1),
(46, 51, 'present', 1),
(46, 52, 'present', 1),
(46, 55, 'present', 1),
(46, 63, 'present', 1),
(47, 14, 'absent', 1),
(47, 15, 'absent', 1),
(47, 16, 'absent', 1),
(47, 18, 'absent', 1),
(47, 25, 'absent', 1),
(47, 26, 'absent', 1),
(47, 30, 'absent', 1),
(47, 31, 'absent', 1),
(47, 33, 'absent', 1),
(47, 34, 'present', 1),
(47, 35, 'absent', 1),
(47, 36, 'absent', 1),
(47, 38, 'absent', 1),
(47, 39, 'absent', 1),
(47, 40, 'absent', 1),
(47, 41, 'absent', 1),
(47, 42, 'absent', 1),
(47, 43, 'absent', 1),
(47, 47, 'present', 1),
(47, 48, 'absent', 1),
(47, 49, 'absent', 1),
(47, 50, 'absent', 1),
(47, 52, 'absent', 1),
(47, 55, 'present', 1),
(47, 57, 'present', 1),
(47, 58, 'absent', 1),
(47, 59, 'absent', 1),
(47, 60, 'present', 1),
(47, 61, 'present', 1),
(47, 62, 'absent', 1),
(47, 63, 'absent', 1),
(47, 65, 'absent', 1),
(47, 66, 'absent', 1),
(47, 67, 'absent', 1),
(47, 69, 'absent', 1),
(47, 70, 'absent', 1),
(47, 72, 'absent', 1),
(47, 73, 'present', 1),
(47, 75, 'absent', 1),
(47, 77, 'absent', 1),
(47, 78, 'absent', 1),
(48, 14, 'present', 1),
(48, 16, 'absent', 1),
(48, 25, 'absent', 1),
(48, 26, 'absent', 1),
(48, 30, 'absent', 1),
(48, 31, 'absent', 1),
(49, 14, 'present', 1),
(49, 15, 'present', 1),
(49, 16, 'present', 1),
(49, 18, 'present', 1),
(49, 25, 'present', 1),
(49, 26, 'present', 1),
(49, 30, 'present', 1),
(49, 31, 'absent', 1),
(49, 32, 'present', 1),
(49, 33, 'present', 1),
(49, 34, 'absent', 1),
(49, 35, 'present', 1),
(49, 36, 'present', 1),
(49, 38, 'present', 1),
(49, 39, 'present', 1),
(49, 40, 'present', 1),
(49, 41, 'present', 1),
(49, 42, 'present', 1),
(49, 43, 'present', 1),
(49, 45, 'absent', 1),
(49, 47, 'present', 1),
(49, 48, 'absent', 1),
(49, 49, 'present', 1),
(49, 50, 'present', 1),
(49, 51, 'present', 1),
(49, 52, 'present', 1),
(49, 55, 'absent', 1),
(49, 57, 'absent', 1),
(49, 58, 'present', 1),
(49, 59, 'present', 1),
(49, 60, 'present', 1),
(49, 61, 'present', 1),
(49, 62, 'absent', 1),
(49, 63, 'present', 1),
(49, 65, 'present', 1),
(49, 66, 'present', 1),
(49, 67, 'present', 1),
(49, 69, 'present', 1),
(49, 70, 'absent', 1),
(49, 72, 'present', 1),
(49, 73, 'absent', 1),
(49, 75, 'absent', 1),
(49, 77, 'absent', 1),
(49, 78, 'absent', 1),
(50, 14, 'present', 1),
(50, 15, 'absent', 1),
(50, 18, 'absent', 1),
(50, 25, 'absent', 1),
(50, 26, 'absent', 1),
(50, 30, 'absent', 1),
(50, 31, 'absent', 1),
(50, 33, 'absent', 1),
(50, 34, 'present', 1),
(50, 36, 'present', 1),
(50, 38, 'absent', 1),
(50, 39, 'present', 1),
(50, 41, 'absent', 1),
(50, 42, 'present', 1),
(50, 43, 'absent', 1),
(50, 45, 'present', 1),
(50, 47, 'absent', 1),
(50, 48, 'absent', 1),
(50, 49, 'absent', 1),
(50, 50, 'present', 1),
(50, 51, 'absent', 1),
(50, 52, 'absent', 1),
(50, 55, 'absent', 1),
(50, 57, 'absent', 1),
(50, 58, 'absent', 1),
(50, 59, 'absent', 1),
(50, 60, 'present', 1),
(50, 62, 'absent', 1),
(50, 63, 'absent', 1),
(50, 64, 'absent', 1),
(50, 65, 'absent', 1),
(50, 67, 'present', 1),
(50, 70, 'present', 1),
(50, 73, 'absent', 1),
(50, 75, 'absent', 1),
(50, 77, 'present', 1),
(50, 78, 'absent', 1),
(51, 15, 'present', 1),
(51, 16, 'present', 1),
(51, 18, 'absent', 1),
(51, 25, 'absent', 1),
(51, 26, 'absent', 1),
(51, 30, 'present', 1),
(51, 31, 'present', 1),
(51, 32, 'present', 1),
(51, 33, 'absent', 1),
(51, 34, 'absent', 1),
(51, 35, 'present', 1),
(51, 36, 'absent', 1),
(51, 38, 'absent', 1),
(51, 39, 'absent', 1),
(51, 40, 'absent', 1),
(51, 41, 'absent', 1),
(51, 42, 'absent', 1),
(51, 43, 'absent', 1),
(51, 47, 'present', 1),
(51, 48, 'present', 1),
(51, 49, 'present', 1),
(51, 50, 'present', 1),
(51, 51, 'absent', 1),
(51, 52, 'present', 1),
(51, 55, 'absent', 1),
(51, 57, 'absent', 1),
(51, 58, 'absent', 1),
(51, 59, 'absent', 1),
(51, 60, 'present', 1),
(51, 61, 'present', 1),
(51, 62, 'absent', 1),
(51, 63, 'absent', 1),
(51, 64, 'present', 1),
(51, 65, 'absent', 1),
(51, 67, 'absent', 1),
(51, 69, 'absent', 1),
(51, 70, 'absent', 1),
(51, 72, 'absent', 1),
(51, 73, 'absent', 1),
(51, 75, 'absent', 1),
(51, 77, 'absent', 1),
(51, 78, 'absent', 1),
(52, 14, 'present', 1),
(52, 15, 'absent', 1),
(52, 18, 'absent', 1),
(52, 26, 'present', 1),
(52, 30, 'absent', 1),
(52, 33, 'present', 1),
(52, 35, 'present', 1),
(52, 36, 'absent', 1),
(52, 38, 'absent', 1),
(52, 39, 'absent', 1),
(52, 40, 'absent', 1),
(52, 41, 'present', 1),
(52, 47, 'present', 1),
(52, 48, 'absent', 1),
(52, 49, 'present', 1),
(52, 50, 'present', 1),
(52, 51, 'absent', 1),
(52, 52, 'absent', 1),
(52, 55, 'absent', 1),
(52, 57, 'absent', 1),
(52, 58, 'absent', 1),
(52, 59, 'present', 1),
(52, 60, 'absent', 1),
(52, 61, 'absent', 1),
(52, 62, 'absent', 1),
(52, 63, 'absent', 1),
(52, 65, 'absent', 1),
(52, 66, 'present', 1),
(52, 67, 'absent', 1),
(52, 69, 'absent', 1),
(52, 70, 'present', 1),
(52, 72, 'present', 1),
(52, 73, 'absent', 1),
(52, 75, 'absent', 1),
(52, 77, 'absent', 1),
(52, 78, 'absent', 1),
(53, 14, 'present', 1),
(53, 15, 'absent', 1),
(53, 16, 'absent', 1),
(53, 18, 'present', 1),
(53, 25, 'present', 1),
(53, 26, 'absent', 1),
(53, 30, 'present', 1),
(53, 31, 'absent', 1),
(53, 32, 'present', 1),
(53, 33, 'absent', 1),
(53, 34, 'present', 1),
(53, 35, 'absent', 1),
(53, 36, 'present', 1),
(53, 38, 'present', 1),
(53, 39, 'present', 1),
(53, 40, 'present', 1),
(53, 41, 'present', 1),
(53, 42, 'present', 1),
(53, 43, 'present', 1),
(53, 45, 'absent', 1),
(53, 47, 'present', 1),
(53, 48, 'present', 1),
(53, 49, 'present', 1),
(53, 50, 'present', 1),
(53, 51, 'present', 1),
(53, 52, 'present', 1),
(53, 55, 'present', 1),
(53, 57, 'present', 1),
(53, 58, 'absent', 1),
(53, 59, 'absent', 1),
(53, 60, 'present', 1),
(53, 61, 'present', 1),
(53, 62, 'absent', 1),
(53, 63, 'absent', 1),
(53, 65, 'absent', 1),
(53, 66, 'absent', 1),
(53, 67, 'absent', 1),
(53, 69, 'absent', 1),
(53, 70, 'present', 1),
(53, 72, 'present', 1),
(53, 73, 'present', 1),
(53, 75, 'present', 1),
(53, 77, 'present', 1),
(53, 78, 'present', 1),
(54, 58, 'present', 7),
(54, 59, 'present', 7),
(54, 60, 'present', 7),
(54, 61, 'present', 7),
(54, 62, 'absent', 7),
(54, 63, 'absent', 7),
(54, 65, 'absent', 7),
(54, 67, 'absent', 7),
(54, 70, 'absent', 7),
(54, 73, 'absent', 7),
(54, 75, 'present', 7),
(54, 77, 'absent', 7),
(54, 78, 'absent', 7),
(55, 14, 'present', 7),
(55, 15, 'present', 7),
(55, 16, 'absent', 7),
(55, 18, 'present', 7),
(55, 25, 'present', 7),
(55, 26, 'absent', 7),
(55, 30, 'absent', 7),
(55, 32, 'present', 7),
(55, 33, 'absent', 7),
(55, 34, 'present', 7),
(55, 35, 'absent', 7),
(55, 36, 'present', 7),
(55, 38, 'present', 7),
(55, 39, 'present', 7),
(55, 40, 'absent', 7),
(55, 41, 'present', 7),
(55, 42, 'absent', 7),
(55, 43, 'present', 7),
(55, 45, 'present', 7),
(55, 47, 'present', 7),
(55, 48, 'absent', 7),
(55, 49, 'absent', 7),
(55, 50, 'present', 7),
(55, 51, 'absent', 7),
(55, 52, 'absent', 7),
(55, 55, 'present', 7),
(55, 57, 'present', 7),
(55, 58, 'absent', 7),
(55, 59, 'absent', 7),
(55, 60, 'present', 7),
(55, 61, 'present', 7),
(55, 63, 'absent', 7),
(55, 64, 'absent', 7),
(55, 65, 'present', 7),
(55, 66, 'absent', 7),
(55, 67, 'absent', 7),
(55, 70, 'absent', 7),
(55, 72, 'absent', 7),
(55, 73, 'present', 7),
(55, 75, 'present', 7),
(56, 14, 'absent', 7),
(56, 15, 'absent', 7),
(56, 16, 'absent', 7),
(56, 18, 'absent', 7),
(56, 25, 'absent', 7),
(56, 26, 'absent', 7),
(56, 30, 'absent', 7),
(56, 50, 'present', 7),
(56, 57, 'present', 7),
(56, 60, 'present', 7),
(56, 70, 'absent', 7),
(56, 72, 'absent', 7),
(56, 73, 'absent', 7),
(56, 75, 'present', 7),
(57, 14, 'absent', 7),
(57, 15, 'absent', 7),
(57, 16, 'absent', 7),
(57, 18, 'absent', 7),
(57, 25, 'absent', 7),
(57, 26, 'absent', 7),
(57, 30, 'present', 7),
(57, 31, 'present', 7),
(57, 32, 'absent', 7),
(57, 33, 'present', 7),
(57, 34, 'absent', 7),
(57, 35, 'present', 7),
(57, 38, 'absent', 7),
(57, 39, 'absent', 7),
(57, 40, 'absent', 7),
(57, 41, 'absent', 7),
(57, 42, 'absent', 7),
(57, 43, 'absent', 7),
(57, 51, 'absent', 7),
(57, 52, 'absent', 7),
(57, 55, 'present', 7),
(57, 57, 'present', 7),
(57, 58, 'absent', 7),
(57, 59, 'absent', 7),
(57, 60, 'absent', 7),
(57, 61, 'absent', 7),
(57, 62, 'absent', 7),
(57, 63, 'absent', 7),
(57, 66, 'absent', 7),
(57, 67, 'present', 7),
(57, 70, 'absent', 7),
(57, 72, 'absent', 7),
(57, 73, 'absent', 7),
(57, 75, 'absent', 7),
(57, 77, 'absent', 7),
(57, 78, 'absent', 7),
(58, 35, 'absent', 7),
(58, 36, 'absent', 7),
(58, 38, 'absent', 7),
(58, 39, 'absent', 7),
(58, 40, 'absent', 7),
(58, 41, 'absent', 7),
(58, 42, 'absent', 7),
(58, 43, 'absent', 7),
(58, 47, 'present', 7),
(58, 48, 'present', 7),
(58, 49, 'present', 7),
(58, 50, 'present', 7),
(58, 51, 'present', 7),
(58, 52, 'present', 7),
(58, 55, 'present', 7),
(58, 57, 'present', 7),
(58, 58, 'present', 7),
(58, 59, 'present', 7),
(58, 60, 'present', 7),
(58, 61, 'present', 7),
(58, 63, 'absent', 7),
(58, 64, 'present', 7),
(58, 65, 'absent', 7),
(59, 14, 'present', 7),
(59, 15, 'present', 9),
(59, 16, 'present', 7),
(59, 18, 'present', 9),
(59, 25, 'present', 9),
(59, 26, 'present', 7),
(59, 30, 'present', 7),
(59, 32, 'present', 7),
(59, 33, 'present', 7),
(59, 34, 'absent', 7),
(59, 35, 'present', 7),
(59, 36, 'present', 7),
(59, 38, 'present', 7),
(59, 39, 'present', 7),
(59, 40, 'present', 7),
(59, 41, 'present', 7),
(59, 42, 'present', 7),
(59, 43, 'present', 7),
(59, 45, 'present', 9),
(59, 47, 'absent', 7),
(59, 48, 'absent', 7),
(59, 49, 'absent', 7),
(59, 50, 'absent', 7),
(59, 51, 'present', 7),
(59, 52, 'present', 7),
(59, 55, 'present', 7),
(59, 57, 'present', 7),
(59, 63, 'absent', 7),
(59, 67, 'present', 9),
(59, 69, 'present', 7),
(59, 70, 'present', 9),
(59, 72, 'present', 7),
(59, 73, 'present', 7),
(59, 75, 'absent', 7),
(59, 77, 'present', 7),
(59, 78, 'present', 7),
(60, 14, 'absent', 6),
(60, 15, 'absent', 6),
(60, 16, 'absent', 6),
(60, 18, 'absent', 6),
(60, 25, 'absent', 6),
(60, 26, 'absent', 6),
(60, 30, 'absent', 6),
(60, 31, 'present', 6),
(60, 32, 'absent', 6),
(60, 33, 'absent', 6),
(60, 34, 'absent', 6),
(60, 35, 'present', 6),
(60, 36, 'absent', 6),
(60, 38, 'absent', 6),
(60, 39, 'absent', 6),
(60, 40, 'absent', 6),
(60, 41, 'absent', 6),
(60, 42, 'absent', 6),
(60, 43, 'absent', 6),
(60, 45, 'absent', 6),
(60, 50, 'absent', 6),
(60, 51, 'present', 6),
(60, 52, 'present', 6),
(60, 55, 'absent', 6),
(60, 57, 'absent', 6),
(60, 58, 'absent', 6),
(60, 59, 'absent', 6),
(60, 60, 'absent', 6),
(60, 61, 'absent', 6),
(60, 62, 'absent', 6),
(60, 63, 'absent', 6),
(60, 64, 'absent', 6),
(60, 65, 'absent', 6),
(60, 66, 'absent', 6),
(60, 67, 'absent', 6),
(60, 69, 'absent', 6),
(60, 70, 'absent', 6),
(60, 72, 'absent', 6),
(60, 73, 'absent', 6),
(60, 75, 'absent', 6),
(61, 14, 'absent', 9),
(61, 15, 'absent', 9),
(61, 16, 'present', 9),
(61, 18, 'absent', 9),
(61, 31, 'present', 9),
(61, 32, 'present', 9),
(61, 35, 'absent', 9),
(61, 36, 'present', 9),
(61, 38, 'present', 9),
(61, 39, 'present', 9),
(61, 40, 'absent', 9),
(61, 41, 'absent', 9),
(61, 42, 'absent', 9),
(61, 43, 'absent', 9),
(61, 45, 'absent', 9),
(61, 48, 'present', 9),
(61, 49, 'absent', 9),
(61, 50, 'absent', 9),
(61, 51, 'present', 9),
(61, 52, 'present', 9),
(61, 55, 'absent', 9),
(61, 57, 'present', 9),
(61, 58, 'present', 9),
(61, 59, 'present', 9),
(61, 60, 'present', 9),
(61, 61, 'present', 9),
(61, 62, 'present', 9),
(61, 63, 'absent', 9),
(61, 66, 'absent', 9),
(61, 67, 'present', 9),
(61, 69, 'present', 9),
(61, 70, 'absent', 9),
(61, 72, 'absent', 9),
(61, 73, 'present', 9),
(61, 75, 'present', 9),
(62, 14, 'absent', 9),
(62, 15, 'absent', 9),
(62, 16, 'absent', 9),
(62, 18, 'absent', 9),
(62, 25, 'absent', 9),
(62, 26, 'present', 9),
(62, 30, 'absent', 9),
(62, 32, 'absent', 9),
(62, 33, 'absent', 9),
(62, 34, 'absent', 9),
(62, 35, 'present', 9),
(62, 36, 'present', 9),
(62, 38, 'present', 9),
(62, 39, 'present', 9),
(62, 40, 'present', 9),
(62, 41, 'present', 9),
(62, 42, 'present', 9),
(62, 43, 'present', 9),
(62, 45, 'absent', 9),
(62, 50, 'absent', 9),
(62, 51, 'absent', 9),
(62, 52, 'absent', 9),
(62, 55, 'present', 9),
(62, 57, 'present', 9),
(62, 58, 'absent', 9),
(62, 59, 'absent', 9),
(62, 60, 'absent', 9),
(62, 61, 'absent', 9),
(62, 62, 'absent', 9),
(62, 63, 'absent', 9),
(62, 64, 'absent', 9),
(62, 65, 'absent', 9),
(62, 66, 'absent', 9),
(62, 67, 'absent', 9),
(62, 69, 'absent', 9),
(62, 70, 'absent', 9),
(62, 72, 'present', 9),
(62, 75, 'present', 9),
(63, 14, 'present', 3),
(63, 15, 'absent', 3),
(63, 16, 'absent', 3),
(63, 18, 'absent', 3),
(63, 25, 'absent', 3),
(63, 26, 'absent', 3),
(63, 30, 'absent', 3),
(63, 32, 'absent', 3),
(63, 34, 'present', 3),
(63, 36, 'absent', 3),
(63, 38, 'present', 3),
(63, 39, 'present', 3),
(63, 40, 'absent', 3),
(63, 41, 'absent', 3),
(63, 42, 'absent', 3),
(63, 43, 'absent', 3),
(63, 45, 'present', 3),
(63, 49, 'absent', 3),
(63, 50, 'absent', 3),
(63, 51, 'absent', 3),
(63, 52, 'absent', 3),
(63, 55, 'absent', 3),
(63, 58, 'present', 3),
(63, 59, 'absent', 3),
(63, 60, 'present', 3),
(63, 61, 'present', 3),
(63, 62, 'absent', 3),
(63, 64, 'absent', 3),
(63, 70, 'absent', 3),
(63, 72, 'absent', 3),
(63, 73, 'absent', 3),
(63, 75, 'absent', 3),
(64, 14, 'absent', 3),
(64, 15, 'present', 3),
(64, 16, 'absent', 3),
(64, 18, 'absent', 3),
(64, 25, 'absent', 3),
(64, 26, 'absent', 3),
(64, 30, 'present', 3),
(64, 31, 'present', 3),
(64, 33, 'absent', 3),
(64, 34, 'absent', 3),
(64, 35, 'absent', 3),
(64, 36, 'present', 3),
(64, 38, 'absent', 3),
(64, 39, 'absent', 3),
(64, 40, 'present', 3),
(64, 41, 'present', 3),
(64, 42, 'absent', 3),
(64, 43, 'absent', 3),
(64, 45, 'absent', 3),
(64, 47, 'present', 3),
(64, 48, 'present', 3),
(64, 49, 'absent', 3),
(64, 50, 'present', 3),
(64, 51, 'present', 3),
(64, 52, 'present', 3),
(64, 55, 'present', 3),
(64, 57, 'absent', 3),
(64, 58, 'present', 3),
(64, 59, 'absent', 3),
(64, 60, 'absent', 3),
(64, 61, 'absent', 3),
(64, 62, 'present', 3),
(64, 63, 'present', 3),
(64, 64, 'present', 3),
(64, 65, 'absent', 3),
(64, 66, 'absent', 3),
(64, 67, 'absent', 3),
(64, 69, 'absent', 3),
(64, 70, 'absent', 3),
(64, 72, 'absent', 3),
(64, 73, 'absent', 3),
(64, 75, 'present', 3),
(65, 14, 'present', 3),
(65, 15, 'absent', 3),
(65, 16, 'absent', 3),
(65, 18, 'absent', 3),
(65, 25, 'absent', 3),
(65, 26, 'present', 3),
(65, 30, 'present', 3),
(65, 31, 'absent', 3),
(65, 32, 'absent', 3),
(65, 35, 'absent', 3),
(65, 36, 'absent', 3),
(65, 38, 'present', 3),
(65, 39, 'present', 3),
(65, 40, 'present', 3),
(65, 41, 'present', 3),
(65, 42, 'present', 3),
(65, 43, 'present', 3),
(65, 45, 'absent', 3),
(65, 47, 'absent', 3),
(65, 48, 'absent', 3),
(65, 49, 'present', 3),
(65, 50, 'present', 3),
(65, 51, 'present', 3),
(65, 52, 'present', 3),
(65, 55, 'present', 3),
(65, 57, 'present', 3),
(65, 58, 'present', 3),
(65, 59, 'present', 3),
(65, 60, 'present', 3),
(65, 61, 'present', 3),
(65, 63, 'absent', 3),
(65, 65, 'absent', 3),
(65, 66, 'absent', 3),
(65, 67, 'present', 3),
(65, 69, 'absent', 3),
(65, 70, 'absent', 3),
(65, 72, 'absent', 3),
(65, 73, 'absent', 3),
(65, 75, 'absent', 3),
(66, 50, 'present', 3),
(66, 51, 'absent', 3),
(66, 52, 'absent', 3),
(66, 55, 'absent', 3),
(66, 57, 'present', 3),
(66, 58, 'absent', 3),
(66, 59, 'absent', 3),
(66, 60, 'absent', 3),
(66, 61, 'absent', 3),
(66, 62, 'absent', 3),
(66, 63, 'absent', 3),
(66, 64, 'absent', 3),
(66, 65, 'absent', 3),
(66, 66, 'absent', 3),
(66, 70, 'absent', 3),
(66, 73, 'absent', 3),
(66, 75, 'absent', 3),
(66, 77, 'absent', 3),
(66, 78, 'absent', 3),
(67, 14, 'absent', 3),
(67, 15, 'absent', 3),
(67, 16, 'present', 3),
(67, 18, 'present', 3),
(67, 25, 'present', 3),
(67, 26, 'absent', 3),
(67, 30, 'present', 3),
(67, 31, 'absent', 3),
(67, 32, 'present', 3),
(67, 33, 'present', 3),
(67, 34, 'present', 3),
(67, 35, 'absent', 3),
(67, 36, 'present', 3),
(67, 38, 'absent', 3),
(67, 39, 'absent', 3),
(67, 40, 'absent', 3),
(67, 41, 'present', 3),
(67, 42, 'absent', 3),
(67, 45, 'present', 3),
(67, 47, 'present', 3),
(67, 48, 'absent', 3),
(67, 49, 'absent', 3),
(67, 50, 'present', 3),
(67, 51, 'absent', 3),
(67, 52, 'present', 3),
(67, 55, 'present', 3),
(67, 57, 'present', 3),
(67, 58, 'present', 3),
(67, 59, 'present', 3),
(67, 60, 'present', 3),
(67, 61, 'present', 3),
(67, 62, 'present', 3),
(67, 63, 'present', 3),
(67, 65, 'present', 3),
(67, 66, 'absent', 3),
(67, 67, 'present', 3),
(67, 69, 'present', 3),
(67, 70, 'absent', 3),
(67, 72, 'absent', 3),
(67, 73, 'absent', 3),
(67, 75, 'absent', 3),
(67, 77, 'absent', 3),
(67, 78, 'absent', 3),
(68, 14, 'present', 3),
(68, 15, 'present', 3),
(68, 16, 'present', 3),
(68, 18, 'present', 3),
(68, 25, 'present', 3),
(68, 26, 'present', 9),
(68, 30, 'present', 9),
(68, 31, 'present', 9),
(68, 32, 'present', 3),
(68, 33, 'present', 9),
(68, 34, 'absent', 3),
(68, 35, 'present', 3),
(68, 36, 'absent', 3),
(68, 38, 'absent', 3),
(68, 39, 'absent', 3),
(68, 40, 'present', 3),
(68, 41, 'present', 3),
(68, 42, 'present', 3),
(68, 43, 'absent', 3),
(68, 45, 'absent', 3),
(68, 47, 'present', 9),
(68, 48, 'present', 3),
(68, 49, 'absent', 3),
(68, 50, 'present', 9),
(68, 51, 'present', 3),
(68, 52, 'absent', 3),
(68, 55, 'absent', 3),
(68, 57, 'absent', 3),
(68, 58, 'absent', 3),
(68, 59, 'absent', 3),
(68, 60, 'absent', 3),
(68, 61, 'absent', 3),
(68, 62, 'absent', 3),
(68, 63, 'absent', 3),
(68, 65, 'present', 9),
(68, 66, 'present', 3),
(68, 70, 'present', 3);
INSERT INTO `Inscription` (`Musicien_idMusicien`, `Sortie_idSortie`, `Valeur`, `Instrument_idInstrument`) VALUES
(68, 72, 'absent', 3),
(68, 73, 'present', 3),
(68, 75, 'present', 3),
(69, 14, 'absent', 3),
(69, 15, 'absent', 3),
(69, 16, 'absent', 3),
(69, 18, 'absent', 3),
(69, 26, 'absent', 3),
(69, 33, 'absent', 3),
(69, 34, 'present', 3),
(69, 35, 'absent', 3),
(69, 36, 'absent', 3),
(69, 38, 'absent', 3),
(69, 39, 'absent', 3),
(69, 40, 'absent', 3),
(69, 41, 'absent', 3),
(69, 42, 'absent', 3),
(69, 43, 'absent', 3),
(69, 45, 'absent', 3),
(69, 47, 'present', 3),
(69, 48, 'absent', 3),
(69, 49, 'present', 3),
(69, 50, 'absent', 3),
(69, 51, 'absent', 3),
(69, 52, 'absent', 3),
(69, 55, 'absent', 3),
(69, 57, 'present', 3),
(69, 58, 'present', 3),
(69, 59, 'absent', 3),
(69, 62, 'absent', 3),
(69, 64, 'absent', 3),
(69, 65, 'absent', 3),
(69, 66, 'absent', 3),
(69, 67, 'absent', 3),
(69, 69, 'absent', 3),
(69, 70, 'absent', 3),
(69, 73, 'absent', 3),
(69, 75, 'absent', 3),
(69, 77, 'absent', 3),
(69, 78, 'absent', 3),
(70, 14, 'absent', 3),
(70, 15, 'present', 3),
(70, 25, 'present', 3),
(70, 26, 'absent', 3),
(70, 30, 'present', 3),
(70, 31, 'present', 3),
(70, 32, 'present', 3),
(70, 33, 'present', 3),
(70, 34, 'absent', 3),
(70, 35, 'absent', 3),
(70, 36, 'present', 3),
(70, 38, 'present', 3),
(70, 39, 'present', 3),
(70, 40, 'present', 3),
(70, 41, 'absent', 3),
(70, 42, 'absent', 3),
(70, 43, 'absent', 3),
(70, 45, 'present', 3),
(70, 47, 'present', 3),
(70, 48, 'absent', 3),
(70, 49, 'present', 3),
(70, 50, 'present', 3),
(70, 51, 'present', 3),
(70, 55, 'present', 3),
(70, 58, 'present', 3),
(70, 60, 'present', 3),
(70, 63, 'present', 3),
(70, 64, 'absent', 3),
(70, 65, 'present', 3),
(70, 66, 'present', 3),
(70, 67, 'absent', 3),
(70, 69, 'present', 3),
(70, 70, 'present', 3),
(70, 72, 'present', 3),
(70, 73, 'absent', 3),
(70, 75, 'present', 3),
(70, 77, 'absent', 3),
(70, 78, 'absent', 3),
(71, 14, 'present', 3),
(72, 14, 'present', 3),
(72, 42, 'present', 3),
(72, 47, 'present', 3),
(72, 48, 'present', 3),
(72, 49, 'present', 3),
(72, 50, 'present', 3),
(72, 55, 'present', 3),
(72, 60, 'present', 3),
(72, 61, 'present', 3),
(72, 65, 'absent', 3),
(72, 70, 'absent', 3),
(72, 73, 'present', 3),
(72, 75, 'absent', 3),
(72, 77, 'present', 3),
(72, 78, 'present', 3),
(75, 41, 'absent', 1),
(75, 42, 'absent', 1),
(75, 43, 'absent', 1),
(75, 47, 'absent', 1),
(75, 48, 'absent', 1),
(76, 25, 'absent', 1),
(76, 26, 'absent', 1),
(76, 30, 'absent', 1),
(76, 32, 'absent', 1),
(76, 33, 'absent', 1),
(76, 34, 'absent', 1),
(76, 35, 'absent', 1),
(76, 36, 'present', 1),
(76, 38, 'absent', 1),
(76, 39, 'absent', 1),
(76, 40, 'absent', 1),
(76, 41, 'present', 1),
(76, 42, 'absent', 1),
(76, 43, 'absent', 1),
(76, 51, 'absent', 1),
(76, 52, 'absent', 1),
(76, 55, 'absent', 1),
(76, 57, 'absent', 1),
(76, 58, 'absent', 1),
(76, 59, 'present', 1),
(76, 60, 'present', 1),
(76, 62, 'absent', 1),
(76, 65, 'absent', 1),
(76, 66, 'absent', 1),
(76, 70, 'present', 1),
(77, 26, 'absent', 3),
(77, 33, 'absent', 3),
(77, 34, 'absent', 3),
(77, 35, 'present', 3),
(77, 36, 'absent', 3),
(77, 38, 'absent', 3),
(77, 39, 'absent', 3),
(77, 40, 'absent', 3),
(77, 41, 'absent', 3),
(77, 42, 'absent', 3),
(77, 45, 'present', 3),
(77, 47, 'present', 3),
(77, 48, 'absent', 3),
(77, 49, 'absent', 3),
(77, 50, 'absent', 3),
(77, 51, 'absent', 3),
(77, 52, 'absent', 3),
(77, 55, 'present', 3),
(77, 57, 'present', 3),
(77, 58, 'absent', 3),
(77, 59, 'present', 3),
(77, 60, 'present', 3),
(77, 61, 'present', 3),
(77, 62, 'absent', 3),
(77, 63, 'absent', 3),
(77, 64, 'present', 3),
(77, 65, 'absent', 3),
(77, 66, 'absent', 3),
(77, 70, 'absent', 3),
(78, 14, 'present', 3),
(80, 36, 'absent', 3),
(80, 38, 'absent', 3),
(80, 39, 'absent', 3),
(80, 40, 'absent', 3),
(80, 41, 'absent', 3),
(80, 42, 'absent', 3),
(80, 43, 'absent', 3),
(80, 47, 'present', 3),
(80, 48, 'present', 3),
(80, 49, 'present', 3),
(80, 50, 'present', 3),
(80, 51, 'present', 3),
(80, 52, 'present', 3),
(80, 55, 'present', 3),
(80, 57, 'present', 3),
(80, 58, 'present', 3),
(80, 59, 'present', 3),
(80, 60, 'present', 3),
(80, 61, 'present', 3),
(80, 63, 'present', 3),
(80, 65, 'absent', 3),
(80, 66, 'absent', 3),
(80, 73, 'present', 3),
(80, 75, 'absent', 3),
(80, 77, 'absent', 3),
(81, 67, 'absent', 2),
(81, 70, 'absent', 2),
(81, 73, 'absent', 2),
(81, 75, 'absent', 2),
(81, 77, 'absent', 2),
(81, 78, 'absent', 2);

-- --------------------------------------------------------

--
-- Structure de la table `Instrument`
--

CREATE TABLE IF NOT EXISTS `Instrument` (
  `idInstrument` int(11) NOT NULL AUTO_INCREMENT,
  `NomInstrument` varchar(45) NOT NULL,
  `Ordre` int(11) NOT NULL,
  PRIMARY KEY (`idInstrument`)
) ENGINE=InnoDB  DEFAULT CHARSET=utf8 AUTO_INCREMENT=10 ;

--
-- Contenu de la table `Instrument`
--

INSERT INTO `Instrument` (`idInstrument`, `NomInstrument`, `Ordre`) VALUES
(1, 'Trompette', 5),
(2, 'Alto', 3),
(3, 'Percussions', 8),
(4, 'Flûte', 1),
(5, 'Clarinette', 2),
(6, 'Tenor/Baryton', 4),
(7, 'Trombone', 6),
(9, 'Basse', 7);

-- --------------------------------------------------------

--
-- Structure de la table `messages`
--

CREATE TABLE IF NOT EXISTS `messages` (
  `idmessages` int(11) NOT NULL AUTO_INCREMENT,
  `Titre` varchar(45) COLLATE latin1_general_ci NOT NULL,
  `Texte` longtext COLLATE latin1_general_ci NOT NULL,
  PRIMARY KEY (`idmessages`),
  UNIQUE KEY `idmessages_UNIQUE` (`idmessages`)
) ENGINE=MyISAM  DEFAULT CHARSET=latin1 COLLATE=latin1_general_ci AUTO_INCREMENT=4 ;

--
-- Contenu de la table `messages`
--

INSERT INTO `messages` (`idmessages`, `Titre`, `Texte`) VALUES
(2, 'Test', 'Test'),
(3, 'Test', 'Test');

-- --------------------------------------------------------

--
-- Structure de la table `Musicien`
--

CREATE TABLE IF NOT EXISTS `Musicien` (
  `idMusicien` int(11) NOT NULL AUTO_INCREMENT,
  `NomMusicien` varchar(45) COLLATE latin1_general_ci NOT NULL,
  `PrenomMusicien` varchar(45) COLLATE latin1_general_ci NOT NULL,
  `MailMusicien` varchar(45) COLLATE latin1_general_ci DEFAULT NULL,
  `pseudo` varchar(45) COLLATE latin1_general_ci NOT NULL,
  `Mdp` varchar(45) COLLATE latin1_general_ci NOT NULL,
  `isChef` tinyint(1) NOT NULL,
  PRIMARY KEY (`idMusicien`)
) ENGINE=InnoDB  DEFAULT CHARSET=latin1 COLLATE=latin1_general_ci AUTO_INCREMENT=82 ;

--
-- Contenu de la table `Musicien`
--

INSERT INTO `Musicien` (`idMusicien`, `NomMusicien`, `PrenomMusicien`, `MailMusicien`, `pseudo`, `Mdp`, `isChef`) VALUES
(1, 'Da Silva', 'Maxime', NULL, 'maxdasilva', '964ee50560e0c881277a05d65cfb19a1', 1),
(4, 'Suhas', 'Yannick', NULL, 'yansuhas', 'ab4f63f9ac65152575886860dde480a1', 1),
(5, 'Da Silva', 'Pauline', NULL, 'paudasilva', 'ab4f63f9ac65152575886860dde480a1', 0),
(6, 'Lamagnere', 'Maïlys', NULL, 'mailamagnere', 'ab4f63f9ac65152575886860dde480a1', 0),
(7, 'Da Silva', 'Joaquim', NULL, 'joadasilva', 'ab4f63f9ac65152575886860dde480a1', 0),
(8, 'Coelho', 'Mélanie', NULL, 'melcoelho', 'ab4f63f9ac65152575886860dde480a1', 0),
(9, 'Cosculluela', 'Julie', NULL, 'julcosculluela', 'ab4f63f9ac65152575886860dde480a1', 0),
(10, 'Dutournier', 'Emilie', NULL, 'emidutournier', '3ed0f2c660a234b049037a5d83d5d15d', 0),
(11, 'Iribarren', 'Marie-Ange', NULL, 'mariribarren', 'b1c343e7a4d503e03364f3fd052e33ac', 0),
(12, 'Lafond', 'Lisa', NULL, 'lislafond', 'ab4f63f9ac65152575886860dde480a1', 0),
(13, 'Lafourcade', 'Léa', NULL, 'lealafourcade', 'ab4f63f9ac65152575886860dde480a1', 0),
(14, 'Lauga', 'Lise', NULL, 'lislauga', 'ab4f63f9ac65152575886860dde480a1', 0),
(15, 'Soulu', 'Héloïse', NULL, 'helsoulu', 'ab4f63f9ac65152575886860dde480a1', 0),
(16, 'Suhas', 'Pauline', NULL, 'pausuhas', 'ab4f63f9ac65152575886860dde480a1', 0),
(17, 'Trog', 'Mélissa', NULL, 'meltrog', 'ab4f63f9ac65152575886860dde480a1', 0),
(18, 'Chechin', 'Mélanie', NULL, 'melchechin', 'ab4f63f9ac65152575886860dde480a1', 0),
(19, 'Dallemane', 'Léa', NULL, 'leadallemane', 'ab4f63f9ac65152575886860dde480a1', 0),
(20, 'Darricau', 'Joël', NULL, 'joedarricau', 'ab4f63f9ac65152575886860dde480a1', 0),
(21, 'Fois', 'Noémie', NULL, 'noefois', 'ab4f63f9ac65152575886860dde480a1', 0),
(22, 'Benesse', 'Stéphanie', NULL, 'stebenesse', 'ab4f63f9ac65152575886860dde480a1', 0),
(23, 'Lataste', 'Nicole', NULL, 'niclataste', '310323c53c681cfe02e8f0ae11c647dc', 0),
(24, 'Perez', 'Jonathan', NULL, 'jonperez', 'ab4f63f9ac65152575886860dde480a1', 0),
(25, 'Pouy', 'Pauline', NULL, 'paupouy', '9dfabc7f9d6a1e3c716182641bd97fd4', 0),
(26, 'Spinelli', 'Céline', NULL, 'celspinelli', '7acbb3c7215787d246026e34d1f45936', 0),
(27, 'Tauzy', 'Félix', NULL, 'feltauzy', '0cc576bb7f3f18d491b1d8071e60cdab', 0),
(28, 'Benquet', 'Amandine', NULL, 'amabenquet', 'e0b7f51e417b47413ac5113e46930c25', 0),
(29, 'Bernajusang', 'kiki', NULL, 'chrbernajusang', 'ab4f63f9ac65152575886860dde480a1', 0),
(30, 'Bordes', 'Anaïs', NULL, 'anabordes', '773ef01715ae83114c0cf8ef8fb94e07', 0),
(31, 'Cazalon', 'Magali', NULL, 'magcazalon', 'ab4f63f9ac65152575886860dde480a1', 0),
(32, 'Eyheramendy', 'Fabrice', NULL, 'fabeyheramendy', '621ef05b205c23927746dfd866b4ca6a', 0),
(33, 'Lafourcade', 'Elodie', NULL, 'elolafourcade', 'ab4f63f9ac65152575886860dde480a1', 0),
(34, 'Moncla', 'Elodie', NULL, 'elomoncla', 'ab4f63f9ac65152575886860dde480a1', 0),
(35, 'Parabis', 'Audrey', NULL, 'audparabis', 'ab4f63f9ac65152575886860dde480a1', 0),
(36, 'Larrode', 'Nelly', NULL, 'sevlarrode', 'ab4f63f9ac65152575886860dde480a1', 0),
(37, 'Benesse', 'Ludo', NULL, 'ludbenesse', '010eed31058b27467754137590c323db', 0),
(38, 'Bernajusang', 'David', NULL, 'davbernajusang', 'ab4f63f9ac65152575886860dde480a1', 0),
(39, 'Chechin', 'Rémi', NULL, 'remchechin', 'ab4f63f9ac65152575886860dde480a1', 0),
(40, 'Dasquet', 'Benjamin', NULL, 'bendasquet', 'ab4f63f9ac65152575886860dde480a1', 0),
(41, 'Dibon', 'Fredi', NULL, 'fredibon', 'ab4f63f9ac65152575886860dde480a1', 0),
(42, 'Dutournier', 'Lucie', NULL, 'lucdutournier', 'ab4f63f9ac65152575886860dde480a1', 0),
(43, 'Fois', 'Clémence', NULL, 'clefois', 'ab4f63f9ac65152575886860dde480a1', 0),
(44, 'Guiraude', 'Bastien', NULL, 'basguiraude', 'ab4f63f9ac65152575886860dde480a1', 0),
(45, 'Lafourcade', 'Alex', NULL, 'alelafourcade', 'ab4f63f9ac65152575886860dde480a1', 0),
(46, 'Lafourcade', 'Fabrice', NULL, 'fablafourcade', 'ab4f63f9ac65152575886860dde480a1', 0),
(47, 'Lafourcade', 'Hugo', NULL, 'huglafourcade', 'ab4f63f9ac65152575886860dde480a1', 0),
(48, 'Lasseguete', 'Damien', NULL, 'damlasseguette', 'ab4f63f9ac65152575886860dde480a1', 0),
(49, 'Lauga', 'Jean-Mi', NULL, 'jealauga', 'ab4f63f9ac65152575886860dde480a1', 0),
(50, 'Moncla', 'Bastien', NULL, 'basmoncla', 'ab4f63f9ac65152575886860dde480a1', 0),
(51, 'Parabis', 'Thierry', NULL, 'thiparabis', 'ab4f63f9ac65152575886860dde480a1', 0),
(52, 'Trog', 'Jérémy', NULL, 'jertrog', 'ab4f63f9ac65152575886860dde480a1', 0),
(53, 'Vignau', 'Marlène', NULL, 'marvignau', 'ab4f63f9ac65152575886860dde480a1', 0),
(54, 'Cruchague', 'Julien', NULL, 'julcruchague', 'ab4f63f9ac65152575886860dde480a1', 0),
(55, 'Dasquet', 'Bastien', NULL, 'basdasquet', 'ff42ded6eee47606e7a0cbfdda188e9f', 0),
(56, 'Dubray', 'Victor', NULL, 'vicdubray', 'ab4f63f9ac65152575886860dde480a1', 0),
(57, 'Larrode', 'Ludo', NULL, 'ludlarrode', 'ab4f63f9ac65152575886860dde480a1', 0),
(58, 'Lesgougues', 'Thomas', NULL, 'tholesgourgues', '07eb71ac9963a6318c9e2ae4dfea2370', 0),
(59, 'Peducasse', 'Jeff', NULL, 'jeapeducasse', '8c4a2377f4838949f771f2a3d628228b', 0),
(60, 'Bernajusang', 'Aïtana', NULL, 'aitbernajusang', 'ab4f63f9ac65152575886860dde480a1', 0),
(61, 'Dutournier', 'Simon', NULL, 'simdutournier', 'ab4f63f9ac65152575886860dde480a1', 0),
(62, 'Puyo', 'Nicolas', NULL, 'nicpuyo', 'ab4f63f9ac65152575886860dde480a1', 0),
(63, 'Ayrault', 'Félix', NULL, 'felayrault', '11a7c827bc5e1252f763a556f325ff3f', 0),
(64, 'Bibe', 'Xavier', NULL, 'xavbibe', 'ab4f63f9ac65152575886860dde480a1', 0),
(65, 'Camiade', 'Joël', NULL, 'joecamiade', 'ab4f63f9ac65152575886860dde480a1', 0),
(66, 'CordHomme', 'Lucas', NULL, 'luccordhomme', 'ab4f63f9ac65152575886860dde480a1', 0),
(67, 'Domengé', 'Delphine', NULL, 'deldomenge', 'ab4f63f9ac65152575886860dde480a1', 0),
(68, 'Dupre', 'Elie', NULL, 'elidupre', 'ab4f63f9ac65152575886860dde480a1', 0),
(69, 'Lafourcade', 'Jérome', NULL, 'jerlafourcade', 'ab4f63f9ac65152575886860dde480a1', 0),
(70, 'Peducasse', 'Christophe', NULL, 'chrpeducasse', '1d0210399f1b95024ecded7dfb45f386', 0),
(71, 'Peducasse', 'Denis', NULL, 'denpeducasse', 'ab4f63f9ac65152575886860dde480a1', 0),
(72, 'Salles', 'Sasha', NULL, 'sassalles', 'ab4f63f9ac65152575886860dde480a1', 0),
(75, 'Lamagnère', 'Bastien', NULL, 'baslamagnere', 'ab4f63f9ac65152575886860dde480a1', 0),
(76, 'Arcondo', 'Baptiste', NULL, 'baparcondo', 'ab4f63f9ac65152575886860dde480a1', 0),
(77, 'Lesclaux', 'Florian', NULL, 'flolesclaux', 'ab4f63f9ac65152575886860dde480a1', 0),
(78, 'Darricau', 'Lilian', NULL, 'lildarricau', 'ab4f63f9ac65152575886860dde480a1', 0),
(80, 'Francois', 'Jérémy', NULL, 'jerfrancois', 'ab4f63f9ac65152575886860dde480a1', 0),
(81, 'Moncla', 'Emilie', NULL, 'emimoncla', 'ab4f63f9ac65152575886860dde480a1', 0);

-- --------------------------------------------------------

--
-- Structure de la table `MusicienInstrument`
--

CREATE TABLE IF NOT EXISTS `MusicienInstrument` (
  `Instrument_idInstrument` int(11) NOT NULL,
  `Musicien_idMusicien` int(11) NOT NULL,
  PRIMARY KEY (`Instrument_idInstrument`,`Musicien_idMusicien`),
  KEY `fk_Instrument_has_Musicien_Musicien1_idx` (`Musicien_idMusicien`),
  KEY `fk_Instrument_has_Musicien_Instrument1_idx` (`Instrument_idInstrument`)
) ENGINE=InnoDB DEFAULT CHARSET=utf8;

--
-- Contenu de la table `MusicienInstrument`
--

INSERT INTO `MusicienInstrument` (`Instrument_idInstrument`, `Musicien_idMusicien`) VALUES
(1, 1),
(3, 1),
(2, 4),
(2, 5),
(2, 6),
(4, 8),
(4, 9),
(4, 10),
(2, 11),
(4, 11),
(4, 12),
(4, 13),
(4, 14),
(4, 16),
(4, 17),
(2, 18),
(2, 19),
(2, 20),
(2, 21),
(2, 22),
(2, 23),
(2, 24),
(2, 25),
(2, 26),
(2, 27),
(5, 28),
(5, 29),
(5, 30),
(5, 31),
(5, 32),
(5, 33),
(5, 34),
(6, 35),
(6, 36),
(2, 37),
(1, 38),
(1, 39),
(1, 40),
(1, 41),
(1, 42),
(1, 43),
(1, 44),
(1, 45),
(1, 47),
(1, 48),
(1, 49),
(1, 50),
(1, 51),
(1, 52),
(1, 53),
(7, 54),
(7, 55),
(7, 56),
(7, 57),
(7, 58),
(7, 59),
(9, 59),
(6, 60),
(9, 61),
(9, 62),
(3, 63),
(3, 64),
(3, 65),
(3, 66),
(3, 67),
(3, 68),
(9, 68),
(3, 69),
(3, 70),
(3, 72),
(1, 76),
(3, 77),
(3, 80),
(2, 81);

-- --------------------------------------------------------

--
-- Structure de la table `photos`
--

CREATE TABLE IF NOT EXISTS `photos` (
  `idPhoto` int(11) NOT NULL AUTO_INCREMENT,
  `Lien` text COLLATE latin1_general_ci NOT NULL,
  `post_idpost` int(11) NOT NULL,
  PRIMARY KEY (`idPhoto`),
  KEY `idPhoto` (`idPhoto`),
  KEY `idPhoto_2` (`idPhoto`),
  KEY `fk_photos_post1_idx` (`post_idpost`)
) ENGINE=MyISAM DEFAULT CHARSET=latin1 COLLATE=latin1_general_ci AUTO_INCREMENT=1 ;

-- --------------------------------------------------------

--
-- Structure de la table `post`
--

CREATE TABLE IF NOT EXISTS `post` (
  `idpost` int(11) NOT NULL AUTO_INCREMENT,
  `nomPost` varchar(45) COLLATE latin1_general_ci NOT NULL,
  `datePost` date NOT NULL,
  `descriptionPost` longtext COLLATE latin1_general_ci NOT NULL,
  PRIMARY KEY (`idpost`)
) ENGINE=MyISAM DEFAULT CHARSET=latin1 COLLATE=latin1_general_ci AUTO_INCREMENT=1 ;

-- --------------------------------------------------------

--
-- Structure de la table `Sortie`
--

CREATE TABLE IF NOT EXISTS `Sortie` (
  `idSortie` int(11) NOT NULL AUTO_INCREMENT,
  `NomSortie` varchar(100) NOT NULL,
  `DateSortie` date NOT NULL,
  `description Sortie` longtext,
  PRIMARY KEY (`idSortie`)
) ENGINE=InnoDB  DEFAULT CHARSET=utf8 AUTO_INCREMENT=79 ;

--
-- Contenu de la table `Sortie`
--

INSERT INTO `Sortie` (`idSortie`, `NomSortie`, `DateSortie`, `description Sortie`) VALUES
(6, 'SainteBarbe', '2015-02-07', 'Description de la sortie'),
(14, 'AB / FCG', '2015-04-25', '30 musiciens maximum. RV à Peyrehorade à 16h45 ou à Jean Dauger à 17h30. Fin du contrat vers 21h30. Tenue : chamarre verte et cie. Prenez vos lyres et carnets !\r\nAttentions : Déplacement avec nos voitures personnelles. Nous pourrons amener les mineurs, mais ne vous garantissons pas le retour !\r\n'),
(15, 'Trail Peyrehorade', '2015-04-12', 'RV 10h45 à la salle de musique ou 11h00 au stade. Fin du contrat à 13h00.\r\nTenue : pantalon blanc, chemise kiwi, foulard, ceinture et k-way'),
(16, 'Cérémonies du 8 mai', '2015-05-08', 'Cérémonies. RV 9h45 à la salle avec pantalon noir, chemise blanche et kway.\r\n10h10 Cassaber - 10h35 Carresse - 11h00 Labastide -  11h40 Auterrive'),
(17, 'Match de rugby Peyrehorade / Vic en Bigorre', '0000-00-00', 'Animation match de rugby à Peyrehorade de 14h30 à 17h30 environ'),
(18, 'Match de rugby Peyrehorade / Vic en Bigorre', '2015-04-19', 'Animation du match de rugby à Peyrehorade de 15h00 à 17h30 environ.\r\nTenue : civil '),
(19, 'Hastingues', '0000-00-00', 'Rentrer ici les informations sur la sortie'),
(20, 'Hastingues', '0000-00-00', 'Rentrer ici les informations sur la sortie'),
(21, 'paris', '2015-04-12', 'Rentrer ici les informations sur la sortie'),
(22, 'paris', '0000-00-00', 'Rentrer ici les informations sur la sortie'),
(25, 'Hastingues', '2015-05-24', 'Messe + apéritif\r\nRV 10h15 à la salle ou 10h30 à Hastingues\r\nTenue : chemise kiwi, foulard et ceinture vert'),
(26, 'Istres', '2015-06-20', 'Départ le vendredi soir vers 23h, retour le dimanche soir. Il faut impérativement  20 musiciens ! Arrêt à Toulouse pour récupérer des musiciens.\r\n'),
(27, '', '0000-00-00', 'Rentrer ici les informations sur la sortie'),
(28, 'Match de Rugby Peyrehorade / Hasparren', '2015-04-03', 'En civil, horaires à preciser'),
(29, 'Match de Rugby Peyrehorade / Hasparren', '2015-04-03', 'Rentrer ici les informations sur la sortie'),
(30, 'Match de rugby PS / Hasparren', '2015-05-03', 'Tenue : en civil. Horaires à préciser'),
(31, 'Anniversaire Christophe Dupeyroux', '2015-05-16', '12 musiciens seulement ! Priorité aux musiciens de la génération de Christophe.\r\nPour les moins de 30 ans, inscrivez vous uniquement si vous êtes sollicités par votre responsable de pupitre'),
(32, 'Peyrehorade / Pamier', '2015-05-24', 'Match de rugby. RV 14h30 au stade, même tenue que le matin. Repas sur place'),
(33, 'Kermesse paroissiale', '2015-06-14', 'Animation messe et apéritif. RV 10h15 à la musicale pour répéter avec les kids, Fin du contrat à 12h45/13h00. Tenue : chemise gatchos\r\n'),
(34, 'Fête de la musique', '2015-06-20', 'Pour ceux qui ne vont pas à Istres, fête de la musique à Peyrehorade avec les kids. RV 20h00 à la musicale. Fin vers 23h30'),
(35, 'Fêtes de St Pé de Léren', '2015-07-05', 'Animation messe / apéritif. Rv 10h15 à la salle de musique, ou 10h30 à St Pé. Prendre pupitres, lyres et carnets !\r\nTenue : chemise kiwi'),
(36, 'Course Landaise à Dax', '2015-07-15', 'Départ 20h00 à la salle. Tenue : chamarre verte'),
(38, 'Tyrosse - Journée du samedi', '2015-07-18', 'RV 11h00 à la salle ou 12h00 aux arènes. Tenue : chamarre verte. Prévoir matelas et kway.\r\n'),
(39, 'Course Landaise Tyrosse', '2015-07-18', 'RV 21h à la mairie de Tyrosse pour le paséo.'),
(40, 'Défilé Tyrosse', '2015-07-19', 'Gatchos uniquement, les jeunes défileront avec les kids. 25 musiciens minimum. RV 10h00 aux arènes.\r\nTenue : chemise kiwi. Prévoir kway'),
(41, 'Bayonne', '2015-07-31', 'Journée du vendredi. 12h00/02h. Tenue : chamarre orange'),
(42, 'Bayonne', '2015-08-01', 'Journée du samedi. 10h/19h. Tenue : chamarre verte'),
(43, 'Corso Bayonne', '2015-08-01', 'Défilé de 21h30 à 00h. Tenue : chamarre verte. Il faut trouver 2 banderoliers'),
(44, '', '0000-00-00', 'Rentrer ici les informations sur la sortie'),
(45, 'Soirée à Pau', '2015-06-26', 'RV 19h30 pour départ à 19h45. Retour vers 2h00/3h00. Tenue chamarre verte\r\n'),
(46, '', '0000-00-00', 'Rentrer ici les informations sur la sortie'),
(47, 'Peyrehorade - vendredi soir', '2015-08-07', ''),
(48, 'Peyrehorade - jounée du samedi', '2015-08-08', ''),
(49, 'Peyrehorade - samedi soir (défilé)', '2015-08-08', ''),
(50, 'Peyrehorade - lundi soir', '2015-08-10', ''),
(51, 'Dax - Feriascapade + Course de 16h30', '2015-08-12', 'RV 7h30 à la salle ou 8h15 aux thermes de Borda'),
(52, 'Dax - Concours Landais', '2015-08-12', '30 places'),
(53, '', '0000-00-00', 'Rentrer ici les informations sur la sortie'),
(54, 'Dax - journée du vendredi', '0000-00-00', 'Rentrer ici les informations sur la sortie'),
(55, 'Dax - journée du vendredi', '2015-08-14', '1er défilé folklorique. 30 musiciens minimum !'),
(56, 'Dax - vendredi soir', '0000-00-00', 'Rentrer ici les informations sur la sortie'),
(57, 'Dax - vendredi soir', '2015-08-14', ''),
(58, 'Dax - journée du samedi', '2015-08-15', '2eme défilé. 30 musiciens minimum !'),
(59, 'Dax - samedi soir', '2015-08-15', ''),
(60, 'Dax - journée du dimanche', '2015-08-16', ''),
(61, 'Dax - dimanche soir', '2015-08-16', ''),
(62, 'Dax - Messe des Bandas', '2015-08-15', 'Il faut 15 musiciens'),
(63, 'Igaas de Haut', '2015-08-29', 'Animation apéritif + repas de 19h à 00h environ. Ne pas tenir compte de la date annoncée dans la convocation'),
(64, 'Intermarché', '2015-08-10', 'RV 18h15 à la caseta en tenue.'),
(65, 'Match de rugby à Peyrehorade', '2015-09-20', 'RV dès 11h pour l apéritif, ou 15h15. Tenue : Jean bleu, chemise kiwi et foulard vert'),
(66, 'PS / Nafarroa', '2015-09-27', '15h30 - 18h00.\r\nRV 15h15 au stade en civil + foulard vert'),
(67, 'Cérémonies du 11 novembre', '2015-11-11', 'Rentrer ici les informations sur la sortie'),
(68, 'Ste Barbe Tyrosse', '2015-01-30', 'Animation apéritif de la Ste Barbe des pompiers de Tyrosse le samedi 30 janvier.'),
(69, 'Peyrehorade / St Paul', '2015-11-14', 'Rv 15h15 au stade en civil'),
(70, 'Ste Barbe Tyrosse', '2016-01-30', 'Animation de l apéritif des pompiers de 11h30 à 14h00 \r\nDépart de la salle à 11h ou RV à la salle de Burry à Tyrosse à 11h30.\r\nTenue : pantalon blanc, chemise gatchos, foulard et ceinture.\r\n'),
(71, '', '0000-00-00', 'Animation de'),
(72, '1er jour des Aubades + marché de Noël', '2015-12-19', 'RV 13h15 à la salle en civil'),
(73, 'Aubades du samedi 26 matin', '2015-12-26', 'Journée du samedi de 9h à 18h00 environ'),
(75, 'Marché du mercredi 23', '2015-12-23', 'Animation marché de 10h00 à 11h30 environ'),
(76, '', '0000-00-00', 'Rentrer ici les informations sur la sortie'),
(77, 'Aubades samedi 26 après-midi', '2015-12-26', 'Rentrer ici les informations sur la sortie'),
(78, 'Repas samedi 26 ', '2015-12-26', 'Rentrer ici les informations sur la sortie');

--
-- Contraintes pour les tables exportées
--

--
-- Contraintes pour la table `Inscription`
--
ALTER TABLE `Inscription`
  ADD CONSTRAINT `fk_Inscription_Instrument1` FOREIGN KEY (`Instrument_idInstrument`) REFERENCES `Instrument` (`idInstrument`) ON DELETE NO ACTION ON UPDATE NO ACTION,
  ADD CONSTRAINT `fk_Musicien_has_Sortie_Musicien1` FOREIGN KEY (`Musicien_idMusicien`) REFERENCES `Musicien` (`idMusicien`) ON DELETE NO ACTION ON UPDATE NO ACTION,
  ADD CONSTRAINT `fk_Musicien_has_Sortie_Sortie1` FOREIGN KEY (`Sortie_idSortie`) REFERENCES `Sortie` (`idSortie`) ON DELETE NO ACTION ON UPDATE NO ACTION;

--
-- Contraintes pour la table `MusicienInstrument`
--
ALTER TABLE `MusicienInstrument`
  ADD CONSTRAINT `fk_Instrument_has_Musicien_Instrument1` FOREIGN KEY (`Instrument_idInstrument`) REFERENCES `Instrument` (`idInstrument`) ON DELETE NO ACTION ON UPDATE NO ACTION,
  ADD CONSTRAINT `fk_Instrument_has_Musicien_Musicien1` FOREIGN KEY (`Musicien_idMusicien`) REFERENCES `Musicien` (`idMusicien`) ON DELETE NO ACTION ON UPDATE NO ACTION;

/*!40101 SET CHARACTER_SET_CLIENT=@OLD_CHARACTER_SET_CLIENT */;
/*!40101 SET CHARACTER_SET_RESULTS=@OLD_CHARACTER_SET_RESULTS */;
/*!40101 SET COLLATION_CONNECTION=@OLD_COLLATION_CONNECTION */;
